tipo_imovel,rotulo,endereco,Link,Valor (R$),Data,Matrícula,leiloeiro,Descrição do imóvel,Formas de Pagamento,Direito de Preferência,Observações,Direitos do Compromissário,Link do Processo Judicial,Visitação,Foto_1,Foto_2,Foto_3,Foto_4,Foto_5,Foto_6,Foto_7,Foto_8,Foto_9,Foto_10,Foto_11,Foto_12,Total_Fotos,Andar,Edital de venda,Metragem construída,Metragem privativa,Metragem terreno,Metragem total,Metragem útil,Vagas,ocupado
Casa,Lance inicial,"São Paulo / SP - Vila Medeiros Rua Neneca,  103",https://www.portalzuk.com.br/imovel/sp/sao-paulo/vila-medeiros/rua-neneca-103/33587-206194,600000.0022,08/08/2025 às 10:00,65.380 do 15º CRI -  São Paulo/SP,Outros Comitentes,"Casa, situada à Rua Neneca, n° 103, Vila Medeiros. Área terreno: 320,00m²; Área construída estimada: 220,00m². Matrícula 65.380 do 15° RI local.",À Vista e sem desconto.,,"No terreno há dois imóveis, sendo ambos (frente e fundo) ocupados para o mesmo inquilino (Aluguel + IPTU: R$ 2.700,00) com vigência de janeiro/25 até julho/27 - atualizado pelo índice do IGPM.",,https://www.portalzuk.com.br/leilao-de-imoveis/v/outros-comitentes,Não há visitação,https://imagens.portalzuk.com.br/detalhe/2025/07/a03f842e4b2445614e4a01a84d8151eb.jpg,https://imagens.portalzuk.com.br/detalhe/2025/07/5369eeebfd9fe821f84695321ea5acd5.jpg,https://imagens.portalzuk.com.br/detalhe/2025/07/141f4465cc536a561e418f6ebad474f6.jpg,,,,,,,,,,3,,https://documentacaoleilao.portalzuk.com.br/2025/08/6dfcae41771e170eaa864a915650aa08.pdf,"220,00m²",,"320,00m²",,,,Este imóvel encontra-se ocupado no momento.
Chácara / Sítio,1º leilão,"Elias Fausto / SP - Queluz Estrada Municipal,  s/nº",https://www.portalzuk.com.br/imovel/sp/elias-fausto/queluz/estrada-municipal-s-nº/33710-206951,9537965.03,08/08/2025 às 10:10,"15.738 do 1º CRI -  Capivari/SP
                                      -  Nº Contribuinte: 624080000124",Judicial de São Paulo - TJSP,"Direitos dos Compromissários Compradores - Sítio denominado Estância das Mangueiras, situado à Estrada Municipal, s/nº, bairro Queluz, Área Terreno 45,98ha, Matrícula 15.738 do 01º CRI de Capivari/SP.",À vista (não admite utilização de carta de crédito).,"Caso exista interesse no exercício da preferência durante a disputa, conferir atentamente as informações constantes na seção ""DIREITO DE PREFERÊNCIA"" no edital do leilão do respectivo lote (CPC, art. 892, § 2o e 843, § 1o).","1) Eventuais Débitos de IPTU/ITR que recaiam sobre o Imóvel serão atualizados e quitados com o produto da venda, mediante solicitação expressa do Arrematante ao MM Juízo da Causa.2) Eventual necessidade de regularização documental/construção junto aos órgãos competentes será de responsabilidade do Arrematante.3) Condição de venda: À vista (não admite utilização de carta de crédito).4) Proposta parcelada: Eventuais opções de envio de proposta na seção Formas de pagamento5) Imóvel Ocupado. Desocupação por conta do Arrematante.6) Serão alienados apenas os Direitos do Promitente Comprador, ou seja, o arrematante assumirá os direitos e deveres do comprador perante o Promitente Vendedor, e portanto deverá buscar a regularização contratual junto ao Vendedor (regularização de cessão de direitos / outorga de escritura definitiva / parcelas inadimplidas).","Imóvel em venda sem escritura para formalização da matrícula. Quando não se tem a certeza da quitação da propriedade, o arrematante assumirá os direitos e deveres do PROMITENTE COMPRADOR, caberá a ele a regularização do imóvel junto ao vendedor.Saiba Mais",https://www.portalzuk.com.br/leilao-de-imoveis/v/leilao-judicial-sao-paulo-tjsp,Não há visitação,https://imagens.portalzuk.com.br/detalhe/ImgNaoDispSitio.jpg,,,,,,,,,,,,1,,https://documentacaoleilao.portalzuk.com.br/2025/07/026ca5cf5b06a93650500c9725f198f8.pdf,,,"45,98ha",,,,Este imóvel encontra-se ocupado no momento.
Chácara / Sítio,2º leilão,"Elias Fausto / SP - Queluz Estrada Municipal,  s/nº",https://www.portalzuk.com.br/imovel/sp/elias-fausto/queluz/estrada-municipal-s-nº/33710-206951,5722779.0240,28/08/2025 às 10:10,"15.738 do 1º CRI -  Capivari/SP
                                      -  Nº Contribuinte: 624080000124",Judicial de São Paulo - TJSP,"Direitos dos Compromissários Compradores - Sítio denominado Estância das Mangueiras, situado à Estrada Municipal, s/nº, bairro Queluz, Área Terreno 45,98ha, Matrícula 15.738 do 01º CRI de Capivari/SP.",À vista (não admite utilização de carta de crédito).,"Caso exista interesse no exercício da preferência durante a disputa, conferir atentamente as informações constantes na seção ""DIREITO DE PREFERÊNCIA"" no edital do leilão do respectivo lote (CPC, art. 892, § 2o e 843, § 1o).","1) Eventuais Débitos de IPTU/ITR que recaiam sobre o Imóvel serão atualizados e quitados com o produto da venda, mediante solicitação expressa do Arrematante ao MM Juízo da Causa.2) Eventual necessidade de regularização documental/construção junto aos órgãos competentes será de responsabilidade do Arrematante.3) Condição de venda: À vista (não admite utilização de carta de crédito).4) Proposta parcelada: Eventuais opções de envio de proposta na seção Formas de pagamento5) Imóvel Ocupado. Desocupação por conta do Arrematante.6) Serão alienados apenas os Direitos do Promitente Comprador, ou seja, o arrematante assumirá os direitos e deveres do comprador perante o Promitente Vendedor, e portanto deverá buscar a regularização contratual junto ao Vendedor (regularização de cessão de direitos / outorga de escritura definitiva / parcelas inadimplidas).","Imóvel em venda sem escritura para formalização da matrícula. Quando não se tem a certeza da quitação da propriedade, o arrematante assumirá os direitos e deveres do PROMITENTE COMPRADOR, caberá a ele a regularização do imóvel junto ao vendedor.Saiba Mais",https://www.portalzuk.com.br/leilao-de-imoveis/v/leilao-judicial-sao-paulo-tjsp,Não há visitação,https://imagens.portalzuk.com.br/detalhe/ImgNaoDispSitio.jpg,,,,,,,,,,,,1,,https://documentacaoleilao.portalzuk.com.br/2025/07/026ca5cf5b06a93650500c9725f198f8.pdf,,,"45,98ha",,,,Este imóvel encontra-se ocupado no momento.
Apartamento,1º leilão,"Cuiabá / MT - Jardim Kennedy Rua São Judas Tadeu,  72",https://www.portalzuk.com.br/imovel/mt/cuiaba/jardim-kennedy/rua-sao-judas-tadeu-72/33451-205034,384609.25,25/07/2025 às 11:00,75.216 do 5º CRI -  Cuiabá/MT,Itaú Unibanco S.A,"Apartamento N.º 603. Situa-se no sexto pavimento superior do Edifício Tarum?, endereço: Rua São Judas Tadeu, N.º 72, Quadra 07, Bairro Jardim Kennedy, perímetro urbano de Cuiabá-MT, possuindo os seguintes limites e confrontações: situado de frente, para quem de dentro do apartamento olha pela sacada para a projeção do recuo de fundos do edifício onde está localizado o pátio e o estacionamento o qual, por sua vez, faz divisa com Lotes 6, 7, 8 e 9, confrontando à direita com a projeção do recuo lateral do edifício, onde está localizado o acesso de veículos, o pátio e o estacionamento, o qual, por sua vez, faz divisa com terras de Antonio Olimpio C. Caldas; à esquerda com o Apartamento N.º 604, e nos fundos com hall social do andar, o elevador e mais adiante o Apartamento N. 601. Possui a seguinte divisão interna: 01 (uma) sala, 01 (uma) sacada, 01 (um) dormitório com armário, 01 (um) banheiro e 01 (uma) cozinha. Pertence a este apartamento 01 (uma) vaga de garagem coberta, localizada no estacionamento térreo da edificação. Das Áreas: Propriedade exclusiva Da Área Real Privativa da Unidade Autônoma. Área do Apartamento; 42.11m²; Área da Vaga de Garagem 12,45 m²; Sub totalPrivativo 54,56 m²; Propriedade de uso comum; Da Área Real Comum; 16,63 m² Área Real da Unidade (01 + 02) 71,19 m² Área de Construção da Unidade (A. Equivalente) 61,47 m²; Fração ideal do terreno. 4,1667%. Imóvel objeto da matrícula nº 75.216 do 5° Serviço Notarial de Imóveis da 2ª Circunscrição de Cuiabá/MT.Ver mais",À Vista e sem desconto.,,"Imóvel Ocupado. Desocupação por conta do adquirente, nos termos do art. 30 da lei 9.514/97.",,https://www.portalzuk.com.br/leilao-de-imoveis/v/banco-itau,Não há visitação,https://imagens.portalzuk.com.br/detalhe/2025/06/86cd5462eb713bf54b9dd3f836f3e666.jpg,https://imagens.portalzuk.com.br/detalhe/2025/06/86cd5462eb713bf54b9dd3f836f3e666.jpg,,,,,,,,,,,2,,,,,,"54,56m²","42,11m²",1,Este imóvel encontra-se ocupado no momento.
Apartamento,2º leilão,"Cuiabá / MT - Jardim Kennedy Rua São Judas Tadeu,  72",https://www.portalzuk.com.br/imovel/mt/cuiaba/jardim-kennedy/rua-sao-judas-tadeu-72/33451-205034,279148.2027,08/08/2025 às 11:00,75.216 do 5º CRI -  Cuiabá/MT,Itaú Unibanco S.A,"Apartamento N.º 603. Situa-se no sexto pavimento superior do Edifício Tarum?, endereço: Rua São Judas Tadeu, N.º 72, Quadra 07, Bairro Jardim Kennedy, perímetro urbano de Cuiabá-MT, possuindo os seguintes limites e confrontações: situado de frente, para quem de dentro do apartamento olha pela sacada para a projeção do recuo de fundos do edifício onde está localizado o pátio e o estacionamento o qual, por sua vez, faz divisa com Lotes 6, 7, 8 e 9, confrontando à direita com a projeção do recuo lateral do edifício, onde está localizado o acesso de veículos, o pátio e o estacionamento, o qual, por sua vez, faz divisa com terras de Antonio Olimpio C. Caldas; à esquerda com o Apartamento N.º 604, e nos fundos com hall social do andar, o elevador e mais adiante o Apartamento N. 601. Possui a seguinte divisão interna: 01 (uma) sala, 01 (uma) sacada, 01 (um) dormitório com armário, 01 (um) banheiro e 01 (uma) cozinha. Pertence a este apartamento 01 (uma) vaga de garagem coberta, localizada no estacionamento térreo da edificação. Das Áreas: Propriedade exclusiva Da Área Real Privativa da Unidade Autônoma. Área do Apartamento; 42.11m²; Área da Vaga de Garagem 12,45 m²; Sub totalPrivativo 54,56 m²; Propriedade de uso comum; Da Área Real Comum; 16,63 m² Área Real da Unidade (01 + 02) 71,19 m² Área de Construção da Unidade (A. Equivalente) 61,47 m²; Fração ideal do terreno. 4,1667%. Imóvel objeto da matrícula nº 75.216 do 5° Serviço Notarial de Imóveis da 2ª Circunscrição de Cuiabá/MT.Ver mais",À Vista e sem desconto.,,"Imóvel Ocupado. Desocupação por conta do adquirente, nos termos do art. 30 da lei 9.514/97.",,https://www.portalzuk.com.br/leilao-de-imoveis/v/banco-itau,Não há visitação,https://imagens.portalzuk.com.br/detalhe/2025/06/86cd5462eb713bf54b9dd3f836f3e666.jpg,https://imagens.portalzuk.com.br/detalhe/2025/06/86cd5462eb713bf54b9dd3f836f3e666.jpg,,,,,,,,,,,2,,,,,,"54,56m²","42,11m²",1,Este imóvel encontra-se ocupado no momento.
Apartamento,1º leilão,"Osasco / SP - Parque Industrial de Osasco Rua Jubair Celestino,  195",https://www.portalzuk.com.br/imovel/sp/osasco/parque-industrial-de-osasco/rua-jubair-celestino-195/33554-205908,264000.00,08/08/2025 às 11:00,46.510 do 2º CRI -  Osasco/SP,Itaú Unibanco S.A,"Um apartamento sob o nº. 158, localizado no 15º pavimento, da Torre 6, do Condomínio Via nações, que está situado na Rua Jubair Celestino, n°. 195, no loteamento denominado Parque Industrial de Osasco, em Osasco, Estado de São Paulo, denominado HIS, o qual conterá as seguintes áreas: Privativa 35,0000m², totalmente coberta; Comum de divisão não proporcional 9,9000m² de garagem coberta; de divisão proporcional de 22,2890m², totalizando 32,1890m² de área comum, sendo 15,7309m² coberta e 6,5581m² descobertos; Totalizando 67,1890m²; com a fração ideal no solo e nas demais partes comuns de 0,001237636. Caberá a futura unidade autônoma uma vaga na garagem coberta. Imóvel objeto da matrícula nº 46.510 do 2° Oficial de Registro de Imóveis de Osasco/SP.",À Vista e sem desconto.,,"Imóvel Ocupado. Desocupação por conta do adquirente, nos termos do art. 30 da lei 9.514/97.",,https://www.portalzuk.com.br/leilao-de-imoveis/v/banco-itau,Não há visitação,https://imagens.portalzuk.com.br/detalhe/2025/07/0111626b3a6ea172e8eea010097a3d07.jpg,https://imagens.portalzuk.com.br/detalhe/2025/07/0111626b3a6ea172e8eea010097a3d07.jpg,,,,,,,,,,,2,,,,,,"67,19m²","35,00m²",1,Este imóvel encontra-se ocupado no momento.
Apartamento,2º leilão,"Osasco / SP - Parque Industrial de Osasco Rua Jubair Celestino,  195",https://www.portalzuk.com.br/imovel/sp/osasco/parque-industrial-de-osasco/rua-jubair-celestino-195/33554-205908,224702.1015,22/08/2025 às 11:00,46.510 do 2º CRI -  Osasco/SP,Itaú Unibanco S.A,"Um apartamento sob o nº. 158, localizado no 15º pavimento, da Torre 6, do Condomínio Via nações, que está situado na Rua Jubair Celestino, n°. 195, no loteamento denominado Parque Industrial de Osasco, em Osasco, Estado de São Paulo, denominado HIS, o qual conterá as seguintes áreas: Privativa 35,0000m², totalmente coberta; Comum de divisão não proporcional 9,9000m² de garagem coberta; de divisão proporcional de 22,2890m², totalizando 32,1890m² de área comum, sendo 15,7309m² coberta e 6,5581m² descobertos; Totalizando 67,1890m²; com a fração ideal no solo e nas demais partes comuns de 0,001237636. Caberá a futura unidade autônoma uma vaga na garagem coberta. Imóvel objeto da matrícula nº 46.510 do 2° Oficial de Registro de Imóveis de Osasco/SP.",À Vista e sem desconto.,,"Imóvel Ocupado. Desocupação por conta do adquirente, nos termos do art. 30 da lei 9.514/97.",,https://www.portalzuk.com.br/leilao-de-imoveis/v/banco-itau,Não há visitação,https://imagens.portalzuk.com.br/detalhe/2025/07/0111626b3a6ea172e8eea010097a3d07.jpg,https://imagens.portalzuk.com.br/detalhe/2025/07/0111626b3a6ea172e8eea010097a3d07.jpg,,,,,,,,,,,2,,,,,,"67,19m²","35,00m²",1,Este imóvel encontra-se ocupado no momento.
Casa,1º leilão,"Tijucas / SC - Areias Rua Maricá,  69",https://www.portalzuk.com.br/imovel/sc/tijucas/areias/rua-marica-69/33451-205748,555892.67,25/07/2025 às 11:01,47.136 do 1º CRI -  Tijucas/SC,Itaú Unibanco S.A,"Casa número dois (02) do Residencial Portimão, situada na Rua 08 n° 69, bairro Areias, no Loteamento Parque Residencial Bosque da Mata, na cidade e Comarca de Tijucas-SC, com um (01) pavimento, sendo a segunda a contar da esquerda para a direita, de quem da Rua 08 olhar o Residencial; fazendo frente ao Norte, com a extensão de 6,65m, com a Rua 08; ao Sul, com a extensão de 6,66m, faz fundos com o lote 30 da quadra 15; ao Leste, com a extensão de 25,98m, faz divisa com a casa número um (01) do Residencial; e ao Oeste, com a extensão de 26,17m, faz divisa com o lote 06 da quadra 15; totalizando uma área privativa de 91,90m²; área de uso comum de 0,50m²; área total de 92,40m²; possuindo uma área de terreno de uso exclusivo de 168,60m²; área de terreno de uso comum de 0,50m²; área de terreno total de 169,10m²; correspondendo-lhe uma fração ideal de 0,5217 no terreno e nas coisas de uso comum e fim proveitoso do Residencial; havendo uma (01) vaga de garagem coberta de uso exclusivo do proprietário ou ocupante da unidade, comportando um (01) veículo de porte médio e estando localizado à frenteda edificação; possuindo, ainda, um pátio na parte dos fundos. Terreno do Condomínio: O Residencial Portimão, encontra-se assentado no Terreno Urbano, situado na Rua 08, Bairro Areias, na Cidade e Comarca de Tijucas/SC, Loteamento Parque Residencial Bosque da Mata, representado pelo lote n° 05 (cinco) da quadra 15 (quinze), com uma área de 363,59m² (trezentos e sessenta e três metros e cinquenta e nove centímetros quadrados), no quarteirão formado pelas Ruas 20, 08, 21 e 09, com as seguintes medidas e confrontações: Frente Ao Norte, na extensão de 14,00m, com a Rua 08; Fundo Ao Sul, na extensão de 14,01m, com o lote 30 da quadra 15; Ao Oeste, na extensão de 26,17m, com o lote 06 da quadra 15; Ao Leste, na extensão de 25,77m, com o lote 04 da quadra 15, distando 59,19m da esquina com a Rua 20. Conforme Av.5, a Rua 08 denomina-se atualmente Rua Maricá. Imóvel objeto da matrícula nº 47.136 do 1° Ofício de Registro de Imóveis de Tijucas/SC.Ver mais",À Vista e sem desconto.,,"Imóvel Ocupado. Desocupação por conta do adquirente, nos termos do art. 30 da lei 9.514/97.",,https://www.portalzuk.com.br/leilao-de-imoveis/v/banco-itau,Não há visitação,https://imagens.portalzuk.com.br/detalhe/2025/07/e168557a1145cd673ec839ae92ffc93b.jpg,https://imagens.portalzuk.com.br/detalhe/2025/07/e168557a1145cd673ec839ae92ffc93b.jpg,,,,,,,,,,,2,,,,"91,90m²","169,10m²",,,1,Este imóvel encontra-se ocupado no momento.
Casa,2º leilão,"Tijucas / SC - Areias Rua Maricá,  69",https://www.portalzuk.com.br/imovel/sc/tijucas/areias/rua-marica-69/33451-205748,277946.3450,08/08/2025 às 11:01,47.136 do 1º CRI -  Tijucas/SC,Itaú Unibanco S.A,"Casa número dois (02) do Residencial Portimão, situada na Rua 08 n° 69, bairro Areias, no Loteamento Parque Residencial Bosque da Mata, na cidade e Comarca de Tijucas-SC, com um (01) pavimento, sendo a segunda a contar da esquerda para a direita, de quem da Rua 08 olhar o Residencial; fazendo frente ao Norte, com a extensão de 6,65m, com a Rua 08; ao Sul, com a extensão de 6,66m, faz fundos com o lote 30 da quadra 15; ao Leste, com a extensão de 25,98m, faz divisa com a casa número um (01) do Residencial; e ao Oeste, com a extensão de 26,17m, faz divisa com o lote 06 da quadra 15; totalizando uma área privativa de 91,90m²; área de uso comum de 0,50m²; área total de 92,40m²; possuindo uma área de terreno de uso exclusivo de 168,60m²; área de terreno de uso comum de 0,50m²; área de terreno total de 169,10m²; correspondendo-lhe uma fração ideal de 0,5217 no terreno e nas coisas de uso comum e fim proveitoso do Residencial; havendo uma (01) vaga de garagem coberta de uso exclusivo do proprietário ou ocupante da unidade, comportando um (01) veículo de porte médio e estando localizado à frenteda edificação; possuindo, ainda, um pátio na parte dos fundos. Terreno do Condomínio: O Residencial Portimão, encontra-se assentado no Terreno Urbano, situado na Rua 08, Bairro Areias, na Cidade e Comarca de Tijucas/SC, Loteamento Parque Residencial Bosque da Mata, representado pelo lote n° 05 (cinco) da quadra 15 (quinze), com uma área de 363,59m² (trezentos e sessenta e três metros e cinquenta e nove centímetros quadrados), no quarteirão formado pelas Ruas 20, 08, 21 e 09, com as seguintes medidas e confrontações: Frente Ao Norte, na extensão de 14,00m, com a Rua 08; Fundo Ao Sul, na extensão de 14,01m, com o lote 30 da quadra 15; Ao Oeste, na extensão de 26,17m, com o lote 06 da quadra 15; Ao Leste, na extensão de 25,77m, com o lote 04 da quadra 15, distando 59,19m da esquina com a Rua 20. Conforme Av.5, a Rua 08 denomina-se atualmente Rua Maricá. Imóvel objeto da matrícula nº 47.136 do 1° Ofício de Registro de Imóveis de Tijucas/SC.Ver mais",À Vista e sem desconto.,,"Imóvel Ocupado. Desocupação por conta do adquirente, nos termos do art. 30 da lei 9.514/97.",,https://www.portalzuk.com.br/leilao-de-imoveis/v/banco-itau,Não há visitação,https://imagens.portalzuk.com.br/detalhe/2025/07/e168557a1145cd673ec839ae92ffc93b.jpg,https://imagens.portalzuk.com.br/detalhe/2025/07/e168557a1145cd673ec839ae92ffc93b.jpg,,,,,,,,,,,2,,,,"91,90m²","169,10m²",,,1,Este imóvel encontra-se ocupado no momento.
Apartamento,1º leilão,"Jundiaí / SP - Vila Nambi Rua Ângelo Corradini,  400",https://www.portalzuk.com.br/imovel/sp/jundiai/vila-nambi/rua-angelo-corradini-400/33554-206272,301669.35,08/08/2025 às 11:01,158.560 do 2º CRI -  Jundiaí/SP,Itaú Unibanco S.A,"Apartamento n. 14, tipo 3, localizado no 1º pavimento da Torre 7, do Condomínio Vista Park Residencial, com acesso pelo n. 400 da Rua Ângelo Corradini, e pelo n. 350 da Rua Henriqueta Zambon, na Vila Nambi, na cidade de Jundiaí/SP, com uma área privativa coberta edificada de 49,520m2, área comum coberta edificada de 22,971m2, área total edificada de 72,491m2, área comum descoberta de 40,584m2, área total (construída + descoberta) de 113,075m2, correspondendo a fração ideal no terreno de 0,000639%, com direito a uma vaga de garagem na área comum. Imóvel objeto da matrícula nº 158.560 do 2° Oficial de Registro de Imóveis de Jundiaí/SP.",À Vista e sem desconto.,,"Imóvel Ocupado. Desocupação por conta do adquirente, nos termos do art. 30 da lei 9.514/97.",,https://www.portalzuk.com.br/leilao-de-imoveis/v/banco-itau,Não há visitação,https://imagens.portalzuk.com.br/detalhe/2025/07/0de9cf35735f47c53da050b410aa63ab.jpg,https://imagens.portalzuk.com.br/detalhe/2025/07/0de9cf35735f47c53da050b410aa63ab.jpg,,,,,,,,,,,2,,,,,,"113,08m²","49,52m²",1,Este imóvel encontra-se ocupado no momento.
Apartamento,2º leilão,"Jundiaí / SP - Vila Nambi Rua Ângelo Corradini,  400",https://www.portalzuk.com.br/imovel/sp/jundiai/vila-nambi/rua-angelo-corradini-400/33554-206272,273916.189,22/08/2025 às 11:01,158.560 do 2º CRI -  Jundiaí/SP,Itaú Unibanco S.A,"Apartamento n. 14, tipo 3, localizado no 1º pavimento da Torre 7, do Condomínio Vista Park Residencial, com acesso pelo n. 400 da Rua Ângelo Corradini, e pelo n. 350 da Rua Henriqueta Zambon, na Vila Nambi, na cidade de Jundiaí/SP, com uma área privativa coberta edificada de 49,520m2, área comum coberta edificada de 22,971m2, área total edificada de 72,491m2, área comum descoberta de 40,584m2, área total (construída + descoberta) de 113,075m2, correspondendo a fração ideal no terreno de 0,000639%, com direito a uma vaga de garagem na área comum. Imóvel objeto da matrícula nº 158.560 do 2° Oficial de Registro de Imóveis de Jundiaí/SP.",À Vista e sem desconto.,,"Imóvel Ocupado. Desocupação por conta do adquirente, nos termos do art. 30 da lei 9.514/97.",,https://www.portalzuk.com.br/leilao-de-imoveis/v/banco-itau,Não há visitação,https://imagens.portalzuk.com.br/detalhe/2025/07/0de9cf35735f47c53da050b410aa63ab.jpg,https://imagens.portalzuk.com.br/detalhe/2025/07/0de9cf35735f47c53da050b410aa63ab.jpg,,,,,,,,,,,2,,,,,,"113,08m²","49,52m²",1,Este imóvel encontra-se ocupado no momento.
Casa,1º leilão,"Quirinópolis / GO - Onício Resende Rua 7,  10",https://www.portalzuk.com.br/imovel/go/quirinopolis/onicio-resende/rua-7-10/33451-205749,360750.00,25/07/2025 às 11:02,25.226 do 1º CRI -  Quirinópolis/GO,Itaú Unibanco S.A,"Um lote de terreno com área de duzentos e trinta metros e cinquenta centímetros quadrados (230,50m²), sem benfeitorias, situado à Rua 07, Quadra 09, Lote nº 13, Bairro Onício Resende, na cidade de Quirinópolis/GO, dentro das seguintes divisas e metragens: Frente para a Rua 07, em 8,75 metros; pelo lado direito, dividindo com o Lote 14, em 20,00 metros; pelo lado esquerdo, dividindo com a Rua 04, em 17,00 metros; e pelo fundo, dividindo com o Lote 12, em 11,75 metros. Conforme Av.03, foi construída uma edificação com 160,15m² de área construída, situada na Rua 07, nº 10, lote 13 da Quadra 09, Onício Resende, Quirinópolis/GO. Imóvel objeto da matrícula nº 25.226 do 1° Oficial de Registro de Imóveis de Quirinópolis/GO.",À Vista e sem desconto.,,"Imóvel Ocupado. Desocupação por conta do adquirente, nos termos do art. 30 da lei 9.514/97.",,https://www.portalzuk.com.br/leilao-de-imoveis/v/banco-itau,Não há visitação,https://imagens.portalzuk.com.br/detalhe/2025/07/103a7dc1ac13198cf4cda14b446f347d.jpg,https://imagens.portalzuk.com.br/detalhe/2025/07/103a7dc1ac13198cf4cda14b446f347d.jpg,,,,,,,,,,,2,,,"160,15m²",,"230,50m²",,,,Este imóvel encontra-se ocupado no momento.
Casa,2º leilão,"Quirinópolis / GO - Onício Resende Rua 7,  10",https://www.portalzuk.com.br/imovel/go/quirinopolis/onicio-resende/rua-7-10/33451-205749,269033.6625,08/08/2025 às 11:02,25.226 do 1º CRI -  Quirinópolis/GO,Itaú Unibanco S.A,"Um lote de terreno com área de duzentos e trinta metros e cinquenta centímetros quadrados (230,50m²), sem benfeitorias, situado à Rua 07, Quadra 09, Lote nº 13, Bairro Onício Resende, na cidade de Quirinópolis/GO, dentro das seguintes divisas e metragens: Frente para a Rua 07, em 8,75 metros; pelo lado direito, dividindo com o Lote 14, em 20,00 metros; pelo lado esquerdo, dividindo com a Rua 04, em 17,00 metros; e pelo fundo, dividindo com o Lote 12, em 11,75 metros. Conforme Av.03, foi construída uma edificação com 160,15m² de área construída, situada na Rua 07, nº 10, lote 13 da Quadra 09, Onício Resende, Quirinópolis/GO. Imóvel objeto da matrícula nº 25.226 do 1° Oficial de Registro de Imóveis de Quirinópolis/GO.",À Vista e sem desconto.,,"Imóvel Ocupado. Desocupação por conta do adquirente, nos termos do art. 30 da lei 9.514/97.",,https://www.portalzuk.com.br/leilao-de-imoveis/v/banco-itau,Não há visitação,https://imagens.portalzuk.com.br/detalhe/2025/07/103a7dc1ac13198cf4cda14b446f347d.jpg,https://imagens.portalzuk.com.br/detalhe/2025/07/103a7dc1ac13198cf4cda14b446f347d.jpg,,,,,,,,,,,2,,,"160,15m²",,"230,50m²",,,,Este imóvel encontra-se ocupado no momento.
Casa,1º leilão,"Jacareí / SP - Jardim Mesquita Rua Mogi Mirim,  169",https://www.portalzuk.com.br/imovel/sp/jacarei/jardim-mesquita/rua-mogi-mirim-169/33643-206360,521207.04,07/08/2025 às 11:02,"28.904 do 1º CRI -  Jacareí/SP
                                      -  Nº Contribuinte: 441321369024200000",Banco Bradesco,"Rua Mogi Mirim, n° 169. Casa (parte do lote 09 da quadra 02). Áreas totais: terreno: 175,00m², e constr. estimada: 108,77m². Matr. 28.904 do RI local.",À Vista e sem desconto.,,"Caberá ao arrematante, providenciar às suas expensas, toda e qualquer regularização física e documental do imóvel, perante os órgãos competentes, quando for o caso, tais como, Prefeitura e Oficial de Registro de Imóveis, independentemente da data da sua constituição, tais como regularização de cadastro de contribuinte perante a Prefeitura, regularização de numeração do prédio e/ou do logradouro, averbações de demolição/construção, unificações, desmembramentos, áreas totais, respondendo por quaisquer ônus, providências e eventuais tributos cobrados retroativamente pela Municipalidade. Ocupado (AF).Consta AÇÃO DE CANCELAMENTO DE LEILÃO E CONSOLIDAÇÃO DE PROPRIEDADEC/C TUTELA ANTECIPADA, processo nº 1007894-36.2025.8.26.0292 em trâmite na 2ª Vara Cível Foro de Jacareí - SP, o Vendedor responde pelo resultado da ação, de acordo com os critérios e limites estabelecidos nas ""Condições de Venda dos Imóveis"" constantes do edital.",,https://www.portalzuk.com.br/leilao-de-imoveis/v/banco-bradesco,,https://imagens.portalzuk.com.br/detalhe/2025/07/eec12e5d218e012251ffbe0f9dded808.jpg,https://imagens.portalzuk.com.br/detalhe/2025/07/eec12e5d218e012251ffbe0f9dded808.jpg,,,,,,,,,,,2,,https://documentacaoleilao.portalzuk.com.br/2025/07/7f943c9d72df280c15db6fe3cec35e2c.pdf,"108,77m²",,"175,00m²",,,,Este imóvel encontra-se ocupado no momento.
Casa,2º leilão,"Jacareí / SP - Jardim Mesquita Rua Mogi Mirim,  169",https://www.portalzuk.com.br/imovel/sp/jacarei/jardim-mesquita/rua-mogi-mirim-169/33643-206360,328007.8837,08/08/2025 às 11:02,"28.904 do 1º CRI -  Jacareí/SP
                                      -  Nº Contribuinte: 441321369024200000",Banco Bradesco,"Rua Mogi Mirim, n° 169. Casa (parte do lote 09 da quadra 02). Áreas totais: terreno: 175,00m², e constr. estimada: 108,77m². Matr. 28.904 do RI local.",À Vista e sem desconto.,,"Caberá ao arrematante, providenciar às suas expensas, toda e qualquer regularização física e documental do imóvel, perante os órgãos competentes, quando for o caso, tais como, Prefeitura e Oficial de Registro de Imóveis, independentemente da data da sua constituição, tais como regularização de cadastro de contribuinte perante a Prefeitura, regularização de numeração do prédio e/ou do logradouro, averbações de demolição/construção, unificações, desmembramentos, áreas totais, respondendo por quaisquer ônus, providências e eventuais tributos cobrados retroativamente pela Municipalidade. Ocupado (AF).Consta AÇÃO DE CANCELAMENTO DE LEILÃO E CONSOLIDAÇÃO DE PROPRIEDADEC/C TUTELA ANTECIPADA, processo nº 1007894-36.2025.8.26.0292 em trâmite na 2ª Vara Cível Foro de Jacareí - SP, o Vendedor responde pelo resultado da ação, de acordo com os critérios e limites estabelecidos nas ""Condições de Venda dos Imóveis"" constantes do edital.",,https://www.portalzuk.com.br/leilao-de-imoveis/v/banco-bradesco,,https://imagens.portalzuk.com.br/detalhe/2025/07/eec12e5d218e012251ffbe0f9dded808.jpg,https://imagens.portalzuk.com.br/detalhe/2025/07/eec12e5d218e012251ffbe0f9dded808.jpg,,,,,,,,,,,2,,https://documentacaoleilao.portalzuk.com.br/2025/07/7f943c9d72df280c15db6fe3cec35e2c.pdf,"108,77m²",,"175,00m²",,,,Este imóvel encontra-se ocupado no momento.
Casa,1º leilão,"Limeira / SP - Parque Hippolyto Rua Doutor Fernando Costa,  438",https://www.portalzuk.com.br/imovel/sp/limeira/parque-hippolyto/rua-doutor-fernando-costa-438/33554-206536,369777.71,08/08/2025 às 11:02,14.931 do 1º CRI -  Limeira/SP,Itaú Unibanco S.A,"Lote de terreno sob o nº 28 (vinte e oito) da quadra K, com frente para a rua Um (1), do loteamento denominado Parque Hippolyto-Expansão, da cidade e comarca de Limeira, com a área de trezentos (300) metros quadrados, ou seja, dez (10) metros de frente, igual largura nos fundos, confrontando com o lote 09, por trinta (30) metros de cada lado, da frente aos fundos, confrontando de um lado com o lote 27, e de outro lado com o lote 29. Conforme Av.3, foi edificado um prédio residencial com 96,09m² de área construída, de frente para a Rua Dr. Fernando Costa nº 438. Imóvel objeto da matrícula nº 14.931 do 1° Oficial de Registro de Imóveis de Limeira/SP.",À Vista e sem desconto.,,"(I) Imóvel com área construída estimada de 137,71m². Eventual necessidade de regularização perante os órgãos competentes, correrá por conta do comprador. (II) Imóvel Ocupado. Desocupação por conta do adquirente, nos termos do art. 30 da lei 9.514/97.",,https://www.portalzuk.com.br/leilao-de-imoveis/v/banco-itau,Não há visitação,https://imagens.portalzuk.com.br/detalhe/2025/07/543ca0b09e3023d967b16221b3f40334.jpg,https://imagens.portalzuk.com.br/detalhe/2025/07/543ca0b09e3023d967b16221b3f40334.jpg,,,,,,,,,,,2,,,"137,71m²",,"300,00m²",,,,Este imóvel encontra-se ocupado no momento.
Casa,2º leilão,"Limeira / SP - Parque Hippolyto Rua Doutor Fernando Costa,  438",https://www.portalzuk.com.br/imovel/sp/limeira/parque-hippolyto/rua-doutor-fernando-costa-438/33554-206536,184888.8650,22/08/2025 às 11:02,14.931 do 1º CRI -  Limeira/SP,Itaú Unibanco S.A,"Lote de terreno sob o nº 28 (vinte e oito) da quadra K, com frente para a rua Um (1), do loteamento denominado Parque Hippolyto-Expansão, da cidade e comarca de Limeira, com a área de trezentos (300) metros quadrados, ou seja, dez (10) metros de frente, igual largura nos fundos, confrontando com o lote 09, por trinta (30) metros de cada lado, da frente aos fundos, confrontando de um lado com o lote 27, e de outro lado com o lote 29. Conforme Av.3, foi edificado um prédio residencial com 96,09m² de área construída, de frente para a Rua Dr. Fernando Costa nº 438. Imóvel objeto da matrícula nº 14.931 do 1° Oficial de Registro de Imóveis de Limeira/SP.",À Vista e sem desconto.,,"(I) Imóvel com área construída estimada de 137,71m². Eventual necessidade de regularização perante os órgãos competentes, correrá por conta do comprador. (II) Imóvel Ocupado. Desocupação por conta do adquirente, nos termos do art. 30 da lei 9.514/97.",,https://www.portalzuk.com.br/leilao-de-imoveis/v/banco-itau,Não há visitação,https://imagens.portalzuk.com.br/detalhe/2025/07/543ca0b09e3023d967b16221b3f40334.jpg,https://imagens.portalzuk.com.br/detalhe/2025/07/543ca0b09e3023d967b16221b3f40334.jpg,,,,,,,,,,,2,,,"137,71m²",,"300,00m²",,,,Este imóvel encontra-se ocupado no momento.
Casa,1º leilão,"Campo Grande / MS - Jardim Noroeste Rua Pinhal,  970",https://www.portalzuk.com.br/imovel/ms/campo-grande/jardim-noroeste/rua-pinhal-970/33451-205750,262213.52,25/07/2025 às 11:03,247.373 do 1º CRI -  Campo Grande/MS,Itaú Unibanco S.A,"Unidade autônoma designada por Casa 01 n° 970, do Condomínio Residencial Monteiro IV, situada na Rua Pinhal, na Capital Campo Grande/MS, com área construída de 49,31 m², residência em alvenaria com um pavimento, contendo: sala de TV/jantar, cozinha, área de serviço, circulação, banheiro social, dois quartos e uma garage descoberta. Possui área privativa construída de 49,31 m², fração ideal de construção de 0,50 e coeficiente de proporcionalidade de terreno de 50,00%, equivalente a 180,00 m² de terreno total, sendo 174,00 m² de uso privativo e 6,00 m² comum de uso exclusivo. Confrontações: 6,00 metros de frente para a Rua Pinhal; 6,00 metros de fundos para parte do lote 15; 30,00 metros a direita com os lotes 16, 17 e parte do lote 18; e 30,00 metros a esquerda com a casa 02 (n° 966), edificada no lote de terreno nº 10 da quadra nº 327, do parcelamento: Bairro Jardim Noroeste, situado no Bairro Noroeste, localizado com frente para a Rua Pinhal, lado para, a 30,00 metros da Rua Esmeraldo Maluf, medindo limitando-se Frente: 12,00 metros com a Rua Pinhal; fundos 12,00 metros com o lote 15; lado direito 30,00 metros com os lotes 16,17 e parte do lote 18, elado esquerdo 30,00 metros com o lote 09, que no seu todo mede 360,00 m². Imóvel objeto da matrícula nº 247.373 do 1° Oficial de Registro de Imóveis de Campo Grande/MS.Ver mais",À Vista e sem desconto.,,"Imóvel Ocupado. Desocupação por conta do adquirente, nos termos do art. 30 da lei 9.514/97.",,https://www.portalzuk.com.br/leilao-de-imoveis/v/banco-itau,Não há visitação,https://imagens.portalzuk.com.br/detalhe/2025/07/4c5dc59c6f05163b07111a1e69699ac3.jpg,https://imagens.portalzuk.com.br/detalhe/2025/07/4c5dc59c6f05163b07111a1e69699ac3.jpg,,,,,,,,,,,2,,,,"49,31m²","180,00m²",,,,Este imóvel encontra-se ocupado no momento.
Casa,2º leilão,"Campo Grande / MS - Jardim Noroeste Rua Pinhal,  970",https://www.portalzuk.com.br/imovel/ms/campo-grande/jardim-noroeste/rua-pinhal-970/33451-205750,302389.22,08/08/2025 às 11:03,247.373 do 1º CRI -  Campo Grande/MS,Itaú Unibanco S.A,"Unidade autônoma designada por Casa 01 n° 970, do Condomínio Residencial Monteiro IV, situada na Rua Pinhal, na Capital Campo Grande/MS, com área construída de 49,31 m², residência em alvenaria com um pavimento, contendo: sala de TV/jantar, cozinha, área de serviço, circulação, banheiro social, dois quartos e uma garage descoberta. Possui área privativa construída de 49,31 m², fração ideal de construção de 0,50 e coeficiente de proporcionalidade de terreno de 50,00%, equivalente a 180,00 m² de terreno total, sendo 174,00 m² de uso privativo e 6,00 m² comum de uso exclusivo. Confrontações: 6,00 metros de frente para a Rua Pinhal; 6,00 metros de fundos para parte do lote 15; 30,00 metros a direita com os lotes 16, 17 e parte do lote 18; e 30,00 metros a esquerda com a casa 02 (n° 966), edificada no lote de terreno nº 10 da quadra nº 327, do parcelamento: Bairro Jardim Noroeste, situado no Bairro Noroeste, localizado com frente para a Rua Pinhal, lado para, a 30,00 metros da Rua Esmeraldo Maluf, medindo limitando-se Frente: 12,00 metros com a Rua Pinhal; fundos 12,00 metros com o lote 15; lado direito 30,00 metros com os lotes 16,17 e parte do lote 18, elado esquerdo 30,00 metros com o lote 09, que no seu todo mede 360,00 m². Imóvel objeto da matrícula nº 247.373 do 1° Oficial de Registro de Imóveis de Campo Grande/MS.Ver mais",À Vista e sem desconto.,,"Imóvel Ocupado. Desocupação por conta do adquirente, nos termos do art. 30 da lei 9.514/97.",,https://www.portalzuk.com.br/leilao-de-imoveis/v/banco-itau,Não há visitação,https://imagens.portalzuk.com.br/detalhe/2025/07/4c5dc59c6f05163b07111a1e69699ac3.jpg,https://imagens.portalzuk.com.br/detalhe/2025/07/4c5dc59c6f05163b07111a1e69699ac3.jpg,,,,,,,,,,,2,,,,"49,31m²","180,00m²",,,,Este imóvel encontra-se ocupado no momento.
Casa,1º leilão,"Goiânia / GO - Santa Genoveva Rua Cedro,  s/nº",https://www.portalzuk.com.br/imovel/go/goiania/santa-genoveva/rua-cedro-s-nº/33643-206361,1336159.94,07/08/2025 às 11:05,"53.316 do 3º CRI -  Goiânia/GO
                                      -  Nº Contribuinte: 107.116.0362.0010",Banco Bradesco,"Rua Cedro, s/n°. Casa nº 1 (parte do lote 19B da quadra 122), Condomínio Abaporu. Áreas totais: terreno: 220,26m², e constr.: 172,06m². Matr. 53.316 do RI da 3ª Circunscrição local.",À Vista e sem desconto.,,"Caberá ao arrematante, providenciar às suas expensas, toda e qualquer regularização física e documental do imóvel, perante os órgãos competentes, quando for o caso, tais como, Prefeitura e Oficial de Registro de Imóveis, independentemente da data da sua constituição, tais como regularização de cadastro de contribuinte perante a Prefeitura, regularização de numeração do prédio e/ou do logradouro, averbações de demolição/construção, unificações, desmembramentos, áreas totais, respondendo por quaisquer ônus, providências e eventuais tributos cobrados retroativamente pela Municipalidade. Ocupado (AF).Consta AÇÃO ANULATÓRIA DE EXECUÇÃO EXTRAJUDICIAL CUMULADA COM PEDIDO DE SUSPENSÃO DE LEILÃO OU SEUS EFEITOS,  processo nº 5607228-33.2025.8.09.0051 em trâmite na 3ª UPJ Varas Cíveis: 6ª, 7ª, 8ª, 9ª, 10ª e 11ª Goiânia - GO, o Vendedor responde pelo resultado da ação, de acordo com os critérios e limites estabelecidos nas ""Condições de Venda dos Imóveis"" constantes do edital.",,https://www.portalzuk.com.br/leilao-de-imoveis/v/banco-bradesco,,https://imagens.portalzuk.com.br/detalhe/2025/07/0a6327474a64804e537c7dc7dcc15cf3.jpg,https://imagens.portalzuk.com.br/detalhe/2025/07/0a6327474a64804e537c7dc7dcc15cf3.jpg,,,,,,,,,,,2,,https://documentacaoleilao.portalzuk.com.br/2025/07/7f943c9d72df280c15db6fe3cec35e2c.pdf,"172,06m²",,"220,26m²",,,,Este imóvel encontra-se ocupado no momento.
Casa,2º leilão,"Goiânia / GO - Santa Genoveva Rua Cedro,  s/nº",https://www.portalzuk.com.br/imovel/go/goiania/santa-genoveva/rua-cedro-s-nº/33643-206361,1099873.5418,08/08/2025 às 11:05,"53.316 do 3º CRI -  Goiânia/GO
                                      -  Nº Contribuinte: 107.116.0362.0010",Banco Bradesco,"Rua Cedro, s/n°. Casa nº 1 (parte do lote 19B da quadra 122), Condomínio Abaporu. Áreas totais: terreno: 220,26m², e constr.: 172,06m². Matr. 53.316 do RI da 3ª Circunscrição local.",À Vista e sem desconto.,,"Caberá ao arrematante, providenciar às suas expensas, toda e qualquer regularização física e documental do imóvel, perante os órgãos competentes, quando for o caso, tais como, Prefeitura e Oficial de Registro de Imóveis, independentemente da data da sua constituição, tais como regularização de cadastro de contribuinte perante a Prefeitura, regularização de numeração do prédio e/ou do logradouro, averbações de demolição/construção, unificações, desmembramentos, áreas totais, respondendo por quaisquer ônus, providências e eventuais tributos cobrados retroativamente pela Municipalidade. Ocupado (AF).Consta AÇÃO ANULATÓRIA DE EXECUÇÃO EXTRAJUDICIAL CUMULADA COM PEDIDO DE SUSPENSÃO DE LEILÃO OU SEUS EFEITOS,  processo nº 5607228-33.2025.8.09.0051 em trâmite na 3ª UPJ Varas Cíveis: 6ª, 7ª, 8ª, 9ª, 10ª e 11ª Goiânia - GO, o Vendedor responde pelo resultado da ação, de acordo com os critérios e limites estabelecidos nas ""Condições de Venda dos Imóveis"" constantes do edital.",,https://www.portalzuk.com.br/leilao-de-imoveis/v/banco-bradesco,,https://imagens.portalzuk.com.br/detalhe/2025/07/0a6327474a64804e537c7dc7dcc15cf3.jpg,https://imagens.portalzuk.com.br/detalhe/2025/07/0a6327474a64804e537c7dc7dcc15cf3.jpg,,,,,,,,,,,2,,https://documentacaoleilao.portalzuk.com.br/2025/07/7f943c9d72df280c15db6fe3cec35e2c.pdf,"172,06m²",,"220,26m²",,,,Este imóvel encontra-se ocupado no momento.
Casa,1º leilão,"Caucaia / CE - Icaraí Rua Heradio Nunes da Silveira,  169",https://www.portalzuk.com.br/imovel/ce/caucaia/icarai/rua-heradio-nunes-da-silveira-169/33643-206362,926000.00,07/08/2025 às 11:08,"6.388 do 1º CRI -  Caucaia/CE
                                      -  Nº Contribuinte: 01.03.048.0026.001",Banco Bradesco,"Rua Heradio Nunes da Silveira, n° 169. Casa (Lote 16 e 17 da Quadra 13). Áreas totais: terreno: 1.040,00m², e constr.: 372,69m². Matr. 6.388 do RI local.",À Vista e sem desconto.,,"Caberá ao arrematante, providenciar às suas expensas, toda e qualquer regularização física e documental do imóvel, perante os órgãos competentes, quando for o caso, tais como, Prefeitura e Oficial de Registro de Imóveis, independentemente da data da sua constituição, tais como regularização de cadastro de contribuinte perante a Prefeitura, regularização de numeração do prédio e/ou do logradouro, averbações de demolição/construção, unificações, desmembramentos, áreas totais, respondendo por quaisquer ônus, providências e eventuais tributos cobrados retroativamente pela Municipalidade. Consta ação nº 3004303-92.2025.8.06.0064 - 2ª Vara Cível da Comarca de Caucaia. O Vendedor responde pelo resultado da ação, de acordo com os critérios e limites estabelecidos nas Condições de Venda dos Imóveis constantes do edital. Ocupado (AF).",,https://www.portalzuk.com.br/leilao-de-imoveis/v/banco-bradesco,,https://imagens.portalzuk.com.br/detalhe/2025/07/e4f598f4ca8feb767b60cdd63f9d4fb8.jpg,https://imagens.portalzuk.com.br/detalhe/2025/07/e4f598f4ca8feb767b60cdd63f9d4fb8.jpg,,,,,,,,,,,2,,https://documentacaoleilao.portalzuk.com.br/2025/07/7f943c9d72df280c15db6fe3cec35e2c.pdf,"372,69m²",,"1.040,00m²",,,,Este imóvel encontra-se ocupado no momento.
Casa,2º leilão,"Caucaia / CE - Icaraí Rua Heradio Nunes da Silveira,  169",https://www.portalzuk.com.br/imovel/ce/caucaia/icarai/rua-heradio-nunes-da-silveira-169/33643-206362,555600.0040,08/08/2025 às 11:08,"6.388 do 1º CRI -  Caucaia/CE
                                      -  Nº Contribuinte: 01.03.048.0026.001",Banco Bradesco,"Rua Heradio Nunes da Silveira, n° 169. Casa (Lote 16 e 17 da Quadra 13). Áreas totais: terreno: 1.040,00m², e constr.: 372,69m². Matr. 6.388 do RI local.",À Vista e sem desconto.,,"Caberá ao arrematante, providenciar às suas expensas, toda e qualquer regularização física e documental do imóvel, perante os órgãos competentes, quando for o caso, tais como, Prefeitura e Oficial de Registro de Imóveis, independentemente da data da sua constituição, tais como regularização de cadastro de contribuinte perante a Prefeitura, regularização de numeração do prédio e/ou do logradouro, averbações de demolição/construção, unificações, desmembramentos, áreas totais, respondendo por quaisquer ônus, providências e eventuais tributos cobrados retroativamente pela Municipalidade. Consta ação nº 3004303-92.2025.8.06.0064 - 2ª Vara Cível da Comarca de Caucaia. O Vendedor responde pelo resultado da ação, de acordo com os critérios e limites estabelecidos nas Condições de Venda dos Imóveis constantes do edital. Ocupado (AF).",,https://www.portalzuk.com.br/leilao-de-imoveis/v/banco-bradesco,,https://imagens.portalzuk.com.br/detalhe/2025/07/e4f598f4ca8feb767b60cdd63f9d4fb8.jpg,https://imagens.portalzuk.com.br/detalhe/2025/07/e4f598f4ca8feb767b60cdd63f9d4fb8.jpg,,,,,,,,,,,2,,https://documentacaoleilao.portalzuk.com.br/2025/07/7f943c9d72df280c15db6fe3cec35e2c.pdf,"372,69m²",,"1.040,00m²",,,,Este imóvel encontra-se ocupado no momento.
Casa,1º leilão,"Ananindeua / PA - Guanabara Rua da Pedreirinha,  110",https://www.portalzuk.com.br/imovel/pa/ananindeua/guanabara/rua-da-pedreirinha-110/33643-206820,340689.35,07/08/2025 às 11:11,"56.470 do 1º CRI -  Ananindeua/PA
                                      -  Nº Contribuinte: 02.183.0005.6000",Banco Bradesco,"Rua da Pedreirinha, n° 110. Casa (Lote 07 da Quadra 03), Residencial Jardim das Oliveiras II. Áreas totais: terreno: 156,32m², e constr.: 98,38m². Matr. 56.470 do 1° RI local.",À Vista e sem desconto.,,"Caberá ao arrematante, providenciar às suas expensas, toda e qualquer regularização física e documental do imóvel, perante os órgãos competentes, quando for o caso, tais como, Prefeitura e Oficial de Registro de Imóveis, independentemente da data da sua constituição, tais como regularização de cadastro de contribuinte perante a Prefeitura, regularização de numeração do prédio e/ou do logradouro, averbações de demolição/construção, unificações, desmembramentos, áreas totais, respondendo por quaisquer ônus, providências e eventuais tributos cobrados retroativamente pela Municipalidade. Ocupado (AF).",,https://www.portalzuk.com.br/leilao-de-imoveis/v/banco-bradesco,,https://imagens.portalzuk.com.br/detalhe/2025/07/d66c1bddf99b65e5a201238ca0fa4f80.jpg,https://imagens.portalzuk.com.br/detalhe/2025/07/d66c1bddf99b65e5a201238ca0fa4f80.jpg,,,,,,,,,,,2,,https://documentacaoleilao.portalzuk.com.br/2025/07/7f943c9d72df280c15db6fe3cec35e2c.pdf,"98,38m²",,"156,32m²",,,,Este imóvel encontra-se ocupado no momento.
Casa,2º leilão,"Ananindeua / PA - Guanabara Rua da Pedreirinha,  110",https://www.portalzuk.com.br/imovel/pa/ananindeua/guanabara/rua-da-pedreirinha-110/33643-206820,135113.1860,08/08/2025 às 11:11,"56.470 do 1º CRI -  Ananindeua/PA
                                      -  Nº Contribuinte: 02.183.0005.6000",Banco Bradesco,"Rua da Pedreirinha, n° 110. Casa (Lote 07 da Quadra 03), Residencial Jardim das Oliveiras II. Áreas totais: terreno: 156,32m², e constr.: 98,38m². Matr. 56.470 do 1° RI local.",À Vista e sem desconto.,,"Caberá ao arrematante, providenciar às suas expensas, toda e qualquer regularização física e documental do imóvel, perante os órgãos competentes, quando for o caso, tais como, Prefeitura e Oficial de Registro de Imóveis, independentemente da data da sua constituição, tais como regularização de cadastro de contribuinte perante a Prefeitura, regularização de numeração do prédio e/ou do logradouro, averbações de demolição/construção, unificações, desmembramentos, áreas totais, respondendo por quaisquer ônus, providências e eventuais tributos cobrados retroativamente pela Municipalidade. Ocupado (AF).",,https://www.portalzuk.com.br/leilao-de-imoveis/v/banco-bradesco,,https://imagens.portalzuk.com.br/detalhe/2025/07/d66c1bddf99b65e5a201238ca0fa4f80.jpg,https://imagens.portalzuk.com.br/detalhe/2025/07/d66c1bddf99b65e5a201238ca0fa4f80.jpg,,,,,,,,,,,2,,https://documentacaoleilao.portalzuk.com.br/2025/07/7f943c9d72df280c15db6fe3cec35e2c.pdf,"98,38m²",,"156,32m²",,,,Este imóvel encontra-se ocupado no momento.
Sala Comercial,1º leilão,"Brasília / DF - Asa Norte Quadra SCN Quadra 5 Bloco A,  50",https://www.portalzuk.com.br/imovel/df/brasilia/asa-norte/quadra-scn-quadra-5-bloco-a-50/33429-204788,4308146.54,17/07/2025 às 11:10,63.691 do 2º CRI -  Brasília/DF,Judicial de São Paulo - TJSP,"SalaComercial 616, localizado no Condomínio do Conjunto Comercial Brasília Shopping And Towers, situado à SCN Quadra 5 Bloco A, 50, Asa Norte, Área Privativa 346,62m², Área Total 458,18m², (conf. laudo de avaliação), Matrícula 63.691 do 2º CRI Local.",À vista (não admite utilização de carta de crédito).,"Caso exista interesse no exercício da preferência durante a disputa, conferir atentamente as informações constantes na seção ""DIREITO DE PREFERÊNCIA"" no edital do leilão do respectivo lote (CPC, art. 892, § 2o e 843, § 1o).","Conforme Laudo de Avaliação, fls. 1.501/1.515 - AUTOS: ""Trata-se de um imóvel comercial pronto para receber uma empresa com toda a infraestrutura. Está subdivido formando vários ambientes: hall/recepção de entrada, copa/cozinha completa com armários, 01 banheiro masculino com 02 mictórios, 02 vasos sanitários e 02 pias; 01 banheiro feminino com 03 vasos sanitários e 02 pias; 01 sala de arquivo/depósito com estrutura mdf formando prateleiras; 01 salão com mesas em mdf; 04 salas para ""diretoria""; 03 salas para reunião; 01 sala CPD (centro de processamento de dados) com CFTV; 06 aparelhos de ar condicionado K7 e 10 aparelhos de ar condicionado SPLIT. As divisórias entre as salas são constituídas de vidro e gesso.1) Conforme determinado no edital, o produto da venda será destinado ao pagamento de débitos, com preferência do IPTU e posteriormente os demais credores (ainda não definida pelo Juiz da causa a ordem de pagamento, e possibilidade de prioridade do Crédito do Condomínio em face dos demais), e caso o produto da venda não seja suficiente, a diferença será de responsabilidade do arrematante:Débitos Condomínio: R$ 477.565,84 (08/2023)perseguido nos autos do Processo 0009955-32.2013.8.07.0001 da22ª V/C de Brasília.Débitos IPTU/Pref.: Informação Pendente2) Eventual necessidade de regularização documental/construção junto aos órgãos competentes será de responsabilidade do Arrematante.3) Condição de venda: À vista (não admite utilização de carta de crédito).4) Proposta parcelada: Eventuais opções de envio de proposta na seção Formas de pagamento5) Conforme fls. 2.702 - AUTOS, o executado informou que a sala comercial se encontra desocupada.Ver mais",,https://www.portalzuk.com.br/leilao-de-imoveis/v/leilao-judicial-sao-paulo-tjsp,Não há visitação,https://imagens.portalzuk.com.br/detalhe/2025/07/62ea393c19d7e4d4d2d039bcf6ae33b3.jpg,https://imagens.portalzuk.com.br/detalhe/2025/07/7e00868169451d28db4e0e2713d32c75.jpg,https://imagens.portalzuk.com.br/detalhe/2025/07/42b3f9d5e34ff93be3347f592c5db5d7.jpg,,,,,,,,,,3,,https://documentacaoleilao.portalzuk.com.br/2025/06/d31362e9d0f3bd890f8307f453d69dfc.pdf,,,,"458,18m²","346,62m²",,Este imóvel encontra-se desocupado no momento.
Sala Comercial,2º leilão,"Brasília / DF - Asa Norte Quadra SCN Quadra 5 Bloco A,  50",https://www.portalzuk.com.br/imovel/df/brasilia/asa-norte/quadra-scn-quadra-5-bloco-a-50/33429-204788,2154073.2750,08/08/2025 às 11:10,63.691 do 2º CRI -  Brasília/DF,Judicial de São Paulo - TJSP,"SalaComercial 616, localizado no Condomínio do Conjunto Comercial Brasília Shopping And Towers, situado à SCN Quadra 5 Bloco A, 50, Asa Norte, Área Privativa 346,62m², Área Total 458,18m², (conf. laudo de avaliação), Matrícula 63.691 do 2º CRI Local.",À vista (não admite utilização de carta de crédito).,"Caso exista interesse no exercício da preferência durante a disputa, conferir atentamente as informações constantes na seção ""DIREITO DE PREFERÊNCIA"" no edital do leilão do respectivo lote (CPC, art. 892, § 2o e 843, § 1o).","Conforme Laudo de Avaliação, fls. 1.501/1.515 - AUTOS: ""Trata-se de um imóvel comercial pronto para receber uma empresa com toda a infraestrutura. Está subdivido formando vários ambientes: hall/recepção de entrada, copa/cozinha completa com armários, 01 banheiro masculino com 02 mictórios, 02 vasos sanitários e 02 pias; 01 banheiro feminino com 03 vasos sanitários e 02 pias; 01 sala de arquivo/depósito com estrutura mdf formando prateleiras; 01 salão com mesas em mdf; 04 salas para ""diretoria""; 03 salas para reunião; 01 sala CPD (centro de processamento de dados) com CFTV; 06 aparelhos de ar condicionado K7 e 10 aparelhos de ar condicionado SPLIT. As divisórias entre as salas são constituídas de vidro e gesso.1) Conforme determinado no edital, o produto da venda será destinado ao pagamento de débitos, com preferência do IPTU e posteriormente os demais credores (ainda não definida pelo Juiz da causa a ordem de pagamento, e possibilidade de prioridade do Crédito do Condomínio em face dos demais), e caso o produto da venda não seja suficiente, a diferença será de responsabilidade do arrematante:Débitos Condomínio: R$ 477.565,84 (08/2023)perseguido nos autos do Processo 0009955-32.2013.8.07.0001 da22ª V/C de Brasília.Débitos IPTU/Pref.: Informação Pendente2) Eventual necessidade de regularização documental/construção junto aos órgãos competentes será de responsabilidade do Arrematante.3) Condição de venda: À vista (não admite utilização de carta de crédito).4) Proposta parcelada: Eventuais opções de envio de proposta na seção Formas de pagamento5) Conforme fls. 2.702 - AUTOS, o executado informou que a sala comercial se encontra desocupada.Ver mais",,https://www.portalzuk.com.br/leilao-de-imoveis/v/leilao-judicial-sao-paulo-tjsp,Não há visitação,https://imagens.portalzuk.com.br/detalhe/2025/07/62ea393c19d7e4d4d2d039bcf6ae33b3.jpg,https://imagens.portalzuk.com.br/detalhe/2025/07/7e00868169451d28db4e0e2713d32c75.jpg,https://imagens.portalzuk.com.br/detalhe/2025/07/42b3f9d5e34ff93be3347f592c5db5d7.jpg,,,,,,,,,,3,,https://documentacaoleilao.portalzuk.com.br/2025/06/d31362e9d0f3bd890f8307f453d69dfc.pdf,,,,"458,18m²","346,62m²",,Este imóvel encontra-se desocupado no momento.
Apartamento,1º leilão,"Belo Horizonte / MG - São José Avenida Coronel José Dias Bicalho,  707",https://www.portalzuk.com.br/imovel/mg/belo-horizonte/sao-jose/avenida-coronel-jose-dias-bicalho-707/33718-206986,1932592.61,07/08/2025 às 14:00,105.123 do 6º CRI -  Belo Horizonte/MG,Banco Daycoval,"Apartamento nº 702, do Edifício Portinari, situado na Avenida Coronel José Dias Bicalho, nº 707, São José, Belo Horizonte/MG, com direito as vagas de garagem nº 41, 44, 45, 60 e 61 . Área total: 358,22m² e Área privativa: 260,06m². Imóvel objeto da matrícula nº 105.123 do 6º Ofício de Registro de Imóveis de Belo Horizonte/MG. Dispensa-se a descrição na íntegra do imóvel, nos termos do art. 2° da Lei 7.433/85 e Art. 3° do Decreto 93.240/86, estando o mesmo descrito e caracterizado na matrícula anteriormente mencionada.",À Vista e sem desconto.,,"(I) Consta indisponibilidade de bens, conforme Av.12. (II) Consta Ação de Execução, conforme Av.6 (III) Imóvel ocupado. A desocupação correrá por conta do adquirente nos termos do art. 30 e parágrafo único da Lei 9.514/97.",,https://www.portalzuk.com.br/leilao-de-imoveis/v/banco-daycoval,Não há visitação,https://imagens.portalzuk.com.br/detalhe/2025/07/134d3ddd904b43037afba2742d034a23.jpg,https://imagens.portalzuk.com.br/detalhe/2025/07/9d209956fa914f45bedda8803b328910.jpg,https://imagens.portalzuk.com.br/detalhe/2025/07/4226c9823f4d05c45e4ff6f47d8c4621.jpg,https://imagens.portalzuk.com.br/detalhe/2025/07/aa18547d0a3bc42a79a1eeab32fac241.jpg,https://imagens.portalzuk.com.br/detalhe/2025/07/eecff1d13bd284cb4cc2a2e4df3a987d.jpg,https://imagens.portalzuk.com.br/detalhe/2025/07/6521996e6f8793d8a027a22975bbc4cc.jpg,https://imagens.portalzuk.com.br/detalhe/2025/07/f2e0c5358d1c312478f30029b78e3da2.jpg,https://imagens.portalzuk.com.br/detalhe/2025/07/286ba993fd944cb1a92a26fd230bbd4e.jpg,https://imagens.portalzuk.com.br/detalhe/2025/07/585c43f5ddc0623c76d065c3e2042ee0.jpg,https://imagens.portalzuk.com.br/detalhe/2025/07/4b3d37a84754eb7cf057530a263a8ba0.jpg,https://imagens.portalzuk.com.br/detalhe/2025/07/000d5c348f5f323e37c2a891eed6e2c1.jpg,https://imagens.portalzuk.com.br/detalhe/2025/07/a22e1575043cc849aa33eebef4b5d0ab.jpg,12,,,"260,06m²",,"358,22m²",,,5,Este imóvel encontra-se ocupado no momento.
Apartamento,2º leilão,"Belo Horizonte / MG - São José Avenida Coronel José Dias Bicalho,  707",https://www.portalzuk.com.br/imovel/mg/belo-horizonte/sao-jose/avenida-coronel-jose-dias-bicalho-707/33718-206986,1692462.4212,08/08/2025 às 14:00,105.123 do 6º CRI -  Belo Horizonte/MG,Banco Daycoval,"Apartamento nº 702, do Edifício Portinari, situado na Avenida Coronel José Dias Bicalho, nº 707, São José, Belo Horizonte/MG, com direito as vagas de garagem nº 41, 44, 45, 60 e 61 . Área total: 358,22m² e Área privativa: 260,06m². Imóvel objeto da matrícula nº 105.123 do 6º Ofício de Registro de Imóveis de Belo Horizonte/MG. Dispensa-se a descrição na íntegra do imóvel, nos termos do art. 2° da Lei 7.433/85 e Art. 3° do Decreto 93.240/86, estando o mesmo descrito e caracterizado na matrícula anteriormente mencionada.",À Vista e sem desconto.,,"(I) Consta indisponibilidade de bens, conforme Av.12. (II) Consta Ação de Execução, conforme Av.6 (III) Imóvel ocupado. A desocupação correrá por conta do adquirente nos termos do art. 30 e parágrafo único da Lei 9.514/97.",,https://www.portalzuk.com.br/leilao-de-imoveis/v/banco-daycoval,Não há visitação,https://imagens.portalzuk.com.br/detalhe/2025/07/134d3ddd904b43037afba2742d034a23.jpg,https://imagens.portalzuk.com.br/detalhe/2025/07/9d209956fa914f45bedda8803b328910.jpg,https://imagens.portalzuk.com.br/detalhe/2025/07/4226c9823f4d05c45e4ff6f47d8c4621.jpg,https://imagens.portalzuk.com.br/detalhe/2025/07/aa18547d0a3bc42a79a1eeab32fac241.jpg,https://imagens.portalzuk.com.br/detalhe/2025/07/eecff1d13bd284cb4cc2a2e4df3a987d.jpg,https://imagens.portalzuk.com.br/detalhe/2025/07/6521996e6f8793d8a027a22975bbc4cc.jpg,https://imagens.portalzuk.com.br/detalhe/2025/07/f2e0c5358d1c312478f30029b78e3da2.jpg,https://imagens.portalzuk.com.br/detalhe/2025/07/286ba993fd944cb1a92a26fd230bbd4e.jpg,https://imagens.portalzuk.com.br/detalhe/2025/07/585c43f5ddc0623c76d065c3e2042ee0.jpg,https://imagens.portalzuk.com.br/detalhe/2025/07/4b3d37a84754eb7cf057530a263a8ba0.jpg,https://imagens.portalzuk.com.br/detalhe/2025/07/000d5c348f5f323e37c2a891eed6e2c1.jpg,https://imagens.portalzuk.com.br/detalhe/2025/07/a22e1575043cc849aa33eebef4b5d0ab.jpg,12,,,"260,06m²",,"358,22m²",,,5,Este imóvel encontra-se ocupado no momento.
Terreno,1º leilão,"Monte Mor / SP - Parque Residencial São Clemente Rua Santa Rita de Cássia,  S/nº",https://www.portalzuk.com.br/imovel/sp/monte-mor/parque-residencial-sao-clemente/rua-santa-rita-de-cassia-s-nº/33624-206318,362784.02,01/08/2025 às 14:30,4.505 do 1º CRI -  Monte Mor/SP,Outros Comitentes,"Um Lote de Terreno, sob n° 24 (vinte e quatro) da Quadra 12 do loteamento denominado Parque Residencial São Clemente - Fase II, situado no bairro Boa Vista, perímetro urbano do Município e Comarca de Monte Mor, antiga Comarca de Capivari, com uma área superficial de 250,00m² (duzentos e cinquenta metros quadrados), com as seguintes medidas e confrontações: situa-se com frente para o lado ímpar da Rua 54, distância 10,00m (dez metros) da esquina com a Viela 9 para passagem de pedestre e na quadra completada pelo lado par da Rua 53 e lado par da Rua 45, o que tudo mede 10,00m (dez metros) de frente para o lado ímpar da Rua 54, do lado direito de quem da mesma olha para o imóvel cinco mede 25,00m (vinte e metros), confrontando com o lote 23, do lado esquerdo, no mesmo sentido, mede 25,00m. (vinte e cinco metros), confrontando com o lote 25 e no fundo mede 10,00m (dez metros), confrontando com o lote 02. Conforme Av.5, A Rua 54 passou a denominar-se Rua Santa Rita de Cássia; a Rua 53 passou a denominar-se Rua São Vicente de Paulo; e a Rua 45 passou a denominar-se Rua São Brás. Imóvelobjeto da matrícula nº 4.505 do Oficial de Registro de Imóveis de Monte Mor/SP.Ver mais",À Vista e sem desconto.,,"(I) Conforme Av.1, o imóvel possui restrições urbanísticas. (II) Imóvel ocupado. Desocupação pelo adquirente, nos termos do art. 30 e § único da lei 9.514/97.",,https://www.portalzuk.com.br/leilao-de-imoveis/v/outros-comitentes,Não há visitação,https://imagens.portalzuk.com.br/detalhe/2025/07/52cf47852b0716aa28b372d9f1c2601c.jpg,https://imagens.portalzuk.com.br/detalhe/2025/07/52cf47852b0716aa28b372d9f1c2601c.jpg,,,,,,,,,,,2,,,,,"250,00m²",,,,Este imóvel encontra-se ocupado no momento.
Terreno,2º leilão,"Monte Mor / SP - Parque Residencial São Clemente Rua Santa Rita de Cássia,  S/nº",https://www.portalzuk.com.br/imovel/sp/monte-mor/parque-residencial-sao-clemente/rua-santa-rita-de-cassia-s-nº/33624-206318,183171.3250,08/08/2025 às 14:30,4.505 do 1º CRI -  Monte Mor/SP,Outros Comitentes,"Um Lote de Terreno, sob n° 24 (vinte e quatro) da Quadra 12 do loteamento denominado Parque Residencial São Clemente - Fase II, situado no bairro Boa Vista, perímetro urbano do Município e Comarca de Monte Mor, antiga Comarca de Capivari, com uma área superficial de 250,00m² (duzentos e cinquenta metros quadrados), com as seguintes medidas e confrontações: situa-se com frente para o lado ímpar da Rua 54, distância 10,00m (dez metros) da esquina com a Viela 9 para passagem de pedestre e na quadra completada pelo lado par da Rua 53 e lado par da Rua 45, o que tudo mede 10,00m (dez metros) de frente para o lado ímpar da Rua 54, do lado direito de quem da mesma olha para o imóvel cinco mede 25,00m (vinte e metros), confrontando com o lote 23, do lado esquerdo, no mesmo sentido, mede 25,00m. (vinte e cinco metros), confrontando com o lote 25 e no fundo mede 10,00m (dez metros), confrontando com o lote 02. Conforme Av.5, A Rua 54 passou a denominar-se Rua Santa Rita de Cássia; a Rua 53 passou a denominar-se Rua São Vicente de Paulo; e a Rua 45 passou a denominar-se Rua São Brás. Imóvelobjeto da matrícula nº 4.505 do Oficial de Registro de Imóveis de Monte Mor/SP.Ver mais",À Vista e sem desconto.,,"(I) Conforme Av.1, o imóvel possui restrições urbanísticas. (II) Imóvel ocupado. Desocupação pelo adquirente, nos termos do art. 30 e § único da lei 9.514/97.",,https://www.portalzuk.com.br/leilao-de-imoveis/v/outros-comitentes,Não há visitação,https://imagens.portalzuk.com.br/detalhe/2025/07/52cf47852b0716aa28b372d9f1c2601c.jpg,https://imagens.portalzuk.com.br/detalhe/2025/07/52cf47852b0716aa28b372d9f1c2601c.jpg,,,,,,,,,,,2,,,,,"250,00m²",,,,Este imóvel encontra-se ocupado no momento.
Apartamento,1º leilão,"Campinas / SP - Vila Marieta Avenida Doutor Betim,  780",https://www.portalzuk.com.br/imovel/sp/campinas/vila-marieta/avenida-doutor-betim-780/33300-203858,479638.34,06/08/2025 às 14:32,"12.383 do 3º CRI -  Campinas/SP
                                      -  Nº Contribuinte: 3441.14.71.1134.04002",Banco Santander,"Apartamento nº 21, localizado no Bloco D denominado Tinho-rão do Condomínio Recanto Verde, situado na Avenida Doutor Betim, n° 780, Vila Marieta, Campinas/SP, com direito a vaga de garagem nº 28. Área privativa: 67,90m² e Área total: 73,95m², melhor descrito na matrícula n° 12.383 do 3° Cartório de Registro de Imóveis de Campinas/SP.",À Vista e sem desconto.,,"Imóvel ocupado. Venda em caráter ad corpus e no estado de conservação em que se encontra. Desocupação por conta do adquirente, nos termos do art. 30 e parágrafo único, da lei 9.514/97.Consta Ação declaratória, processo nº 1018691-23.2025.8.26.0114 em trâmite na 6ª Vara Cível de Campinas - SP, o Vendedor responde pelo resultado da ação, de acordo com os critérios e limites estabelecidos nas ""Condições de Venda dos Imóveis"" constantes do edital.",,https://www.portalzuk.com.br/leilao-de-imoveis/v/banco-santander,Não há visitação,https://imagens.portalzuk.com.br/detalhe/2025/06/2f34b6515769bac899fb722655f35955.jpg,https://imagens.portalzuk.com.br/detalhe/2025/06/2f34b6515769bac899fb722655f35955.jpg,,,,,,,,,,,2,,,,,,"73,95m²","67,90m²",1,Este imóvel encontra-se ocupado no momento.
Apartamento,2º leilão,"Campinas / SP - Vila Marieta Avenida Doutor Betim,  780",https://www.portalzuk.com.br/imovel/sp/campinas/vila-marieta/avenida-doutor-betim-780/33300-203858,158722.4567,08/08/2025 às 14:32,"12.383 do 3º CRI -  Campinas/SP
                                      -  Nº Contribuinte: 3441.14.71.1134.04002",Banco Santander,"Apartamento nº 21, localizado no Bloco D denominado Tinho-rão do Condomínio Recanto Verde, situado na Avenida Doutor Betim, n° 780, Vila Marieta, Campinas/SP, com direito a vaga de garagem nº 28. Área privativa: 67,90m² e Área total: 73,95m², melhor descrito na matrícula n° 12.383 do 3° Cartório de Registro de Imóveis de Campinas/SP.",À Vista e sem desconto.,,"Imóvel ocupado. Venda em caráter ad corpus e no estado de conservação em que se encontra. Desocupação por conta do adquirente, nos termos do art. 30 e parágrafo único, da lei 9.514/97.Consta Ação declaratória, processo nº 1018691-23.2025.8.26.0114 em trâmite na 6ª Vara Cível de Campinas - SP, o Vendedor responde pelo resultado da ação, de acordo com os critérios e limites estabelecidos nas ""Condições de Venda dos Imóveis"" constantes do edital.",,https://www.portalzuk.com.br/leilao-de-imoveis/v/banco-santander,Não há visitação,https://imagens.portalzuk.com.br/detalhe/2025/06/2f34b6515769bac899fb722655f35955.jpg,https://imagens.portalzuk.com.br/detalhe/2025/06/2f34b6515769bac899fb722655f35955.jpg,,,,,,,,,,,2,,,,,,"73,95m²","67,90m²",1,Este imóvel encontra-se ocupado no momento.
Casa,1º leilão,"Itacoatiara / AM - Jardim Florestal Avenida Mário Andreazza,  3334",https://www.portalzuk.com.br/imovel/am/itacoatiara/jardim-florestal/avenida-mario-andreazza-3334/33300-206333,288708.70,06/08/2025 às 14:34,"300 do 3º CRI -  Itacoatiara/AM
                                      -  Nº Contribuinte: 00000619.",Banco Santander,"Casa, situada na Avenida Mário Andreazza, nº 3334, Jardim Florestal, Itacoatiara/AM. Área construída: 65,85m² e Área de terreno: 300,00m², melhor descrito na matrícula n° 300 do 3° Ofício de Imóveis de Itacoatiara/AM.",À Vista e sem desconto.,,"Imóvel ocupado. Venda em caráter ad corpus e no estado de conservação em que se encontra. Desocupação por conta do adquirente, nos termos do art. 30 e parágrafo único, da lei 9.514/97. Consta Ações Indenizatórias, conforme processos nºs 0525067-79.2024.8.04.0001 e 0605682-24.2024.8.04.4700.",,https://www.portalzuk.com.br/leilao-de-imoveis/v/banco-santander,Não há visitação,https://imagens.portalzuk.com.br/detalhe/2025/07/0c7b1744d01dd05be840e88ddb239c98.jpg,https://imagens.portalzuk.com.br/detalhe/2025/07/0c7b1744d01dd05be840e88ddb239c98.jpg,,,,,,,,,,,2,,,"65,85m²",,"300,00m²",,,,Este imóvel encontra-se ocupado no momento.
Casa,2º leilão,"Itacoatiara / AM - Jardim Florestal Avenida Mário Andreazza,  3334",https://www.portalzuk.com.br/imovel/am/itacoatiara/jardim-florestal/avenida-mario-andreazza-3334/33300-206333,240695.2317,08/08/2025 às 14:34,"300 do 3º CRI -  Itacoatiara/AM
                                      -  Nº Contribuinte: 00000619.",Banco Santander,"Casa, situada na Avenida Mário Andreazza, nº 3334, Jardim Florestal, Itacoatiara/AM. Área construída: 65,85m² e Área de terreno: 300,00m², melhor descrito na matrícula n° 300 do 3° Ofício de Imóveis de Itacoatiara/AM.",À Vista e sem desconto.,,"Imóvel ocupado. Venda em caráter ad corpus e no estado de conservação em que se encontra. Desocupação por conta do adquirente, nos termos do art. 30 e parágrafo único, da lei 9.514/97. Consta Ações Indenizatórias, conforme processos nºs 0525067-79.2024.8.04.0001 e 0605682-24.2024.8.04.4700.",,https://www.portalzuk.com.br/leilao-de-imoveis/v/banco-santander,Não há visitação,https://imagens.portalzuk.com.br/detalhe/2025/07/0c7b1744d01dd05be840e88ddb239c98.jpg,https://imagens.portalzuk.com.br/detalhe/2025/07/0c7b1744d01dd05be840e88ddb239c98.jpg,,,,,,,,,,,2,,,"65,85m²",,"300,00m²",,,,Este imóvel encontra-se ocupado no momento.
Apartamento,1º leilão,"Limeira / SP - Residencial Rubi Rua Alberto Faustino,  42",https://www.portalzuk.com.br/imovel/sp/limeira/residencial-rubi/rua-alberto-faustino-42/33300-206334,155191.64,06/08/2025 às 14:35,"93.089 do 2º CRI -  Limeira/SP
                                      -  Nº Contribuinte: 5354.001.218.",Banco Santander,"Apartamento nº 42, localizado no 4º pavimento do Bloco 11, do Condomínio Residencial Rubi V, situado na Rua Alberto Faustino, nº 42, Residencial Rubi, Limeira/SP, com direito a uma vaga de garagem. Área privativa: 45,83m² e Área total: 84,14m², melhor descrito na matrícula n° 93.089 do 2° Oficial de Registro de Imóveis de Limeira/SP.",À Vista e sem desconto.,,"Imóvel ocupado. Venda em caráter ad corpus e no estado de conservação em que se encontra. Desocupação por conta do adquirente, nos termos do art. 30 e parágrafo único, da lei 9.514/97.",,https://www.portalzuk.com.br/leilao-de-imoveis/v/banco-santander,Não há visitação,https://imagens.portalzuk.com.br/detalhe/2025/07/cd9d682e4037de7c87ddc5767ce7dc31.jpg,https://imagens.portalzuk.com.br/detalhe/2025/07/cd9d682e4037de7c87ddc5767ce7dc31.jpg,,,,,,,,,,,2,,,,,,"84,14m²","45,83m²",1,Este imóvel encontra-se ocupado no momento.
Apartamento,2º leilão,"Limeira / SP - Residencial Rubi Rua Alberto Faustino,  42",https://www.portalzuk.com.br/imovel/sp/limeira/residencial-rubi/rua-alberto-faustino-42/33300-206334,100500.0035,08/08/2025 às 14:35,"93.089 do 2º CRI -  Limeira/SP
                                      -  Nº Contribuinte: 5354.001.218.",Banco Santander,"Apartamento nº 42, localizado no 4º pavimento do Bloco 11, do Condomínio Residencial Rubi V, situado na Rua Alberto Faustino, nº 42, Residencial Rubi, Limeira/SP, com direito a uma vaga de garagem. Área privativa: 45,83m² e Área total: 84,14m², melhor descrito na matrícula n° 93.089 do 2° Oficial de Registro de Imóveis de Limeira/SP.",À Vista e sem desconto.,,"Imóvel ocupado. Venda em caráter ad corpus e no estado de conservação em que se encontra. Desocupação por conta do adquirente, nos termos do art. 30 e parágrafo único, da lei 9.514/97.",,https://www.portalzuk.com.br/leilao-de-imoveis/v/banco-santander,Não há visitação,https://imagens.portalzuk.com.br/detalhe/2025/07/cd9d682e4037de7c87ddc5767ce7dc31.jpg,https://imagens.portalzuk.com.br/detalhe/2025/07/cd9d682e4037de7c87ddc5767ce7dc31.jpg,,,,,,,,,,,2,,,,,,"84,14m²","45,83m²",1,Este imóvel encontra-se ocupado no momento.
Casa,1º leilão,"Maricá / RJ - Inoã Rua Doutor Heitor da Costa Matta,  339",https://www.portalzuk.com.br/imovel/rj/marica/inoa/rua-doutor-heitor-da-costa-matta-339/33300-206335,247298.01,06/08/2025 às 14:36,"117.891 do 2º CRI -  Maricá/RJ
                                      -  Nº Contribuinte: 8923/1180/3239.",Banco Santander,"Casa (unidade 105) localizada no Condomínio Residencial Village Palmeiras de Maricá, situada na Rua Doutor Heitor da Costa Matta, nº 339, Inoã, Maricá/RJ. Área privativa: 54,30m² e Área total: 91,99m², melhor descrito na matrícula n° 117.891 do 2° Ofício de Registro de Imóveis de Maricá/RJ.",À Vista e sem desconto.,,"Imóvel ocupado. Venda em caráter ad corpus e no estado de conservação em que se encontra. Desocupação por conta do adquirente, nos termos do art. 30 e parágrafo único, da lei 9.514/97.",,https://www.portalzuk.com.br/leilao-de-imoveis/v/banco-santander,Não há visitação,https://imagens.portalzuk.com.br/detalhe/2025/07/4ee512a6401fc8e81b19e14e0e80d38e.jpg,https://imagens.portalzuk.com.br/detalhe/2025/07/4ee512a6401fc8e81b19e14e0e80d38e.jpg,,,,,,,,,,,2,,,"91,99m²","54,30m²",,,,,Este imóvel encontra-se ocupado no momento.
Casa,2º leilão,"Maricá / RJ - Inoã Rua Doutor Heitor da Costa Matta,  339",https://www.portalzuk.com.br/imovel/rj/marica/inoa/rua-doutor-heitor-da-costa-matta-339/33300-206335,208678.7816,08/08/2025 às 14:36,"117.891 do 2º CRI -  Maricá/RJ
                                      -  Nº Contribuinte: 8923/1180/3239.",Banco Santander,"Casa (unidade 105) localizada no Condomínio Residencial Village Palmeiras de Maricá, situada na Rua Doutor Heitor da Costa Matta, nº 339, Inoã, Maricá/RJ. Área privativa: 54,30m² e Área total: 91,99m², melhor descrito na matrícula n° 117.891 do 2° Ofício de Registro de Imóveis de Maricá/RJ.",À Vista e sem desconto.,,"Imóvel ocupado. Venda em caráter ad corpus e no estado de conservação em que se encontra. Desocupação por conta do adquirente, nos termos do art. 30 e parágrafo único, da lei 9.514/97.",,https://www.portalzuk.com.br/leilao-de-imoveis/v/banco-santander,Não há visitação,https://imagens.portalzuk.com.br/detalhe/2025/07/4ee512a6401fc8e81b19e14e0e80d38e.jpg,https://imagens.portalzuk.com.br/detalhe/2025/07/4ee512a6401fc8e81b19e14e0e80d38e.jpg,,,,,,,,,,,2,,,"91,99m²","54,30m²",,,,,Este imóvel encontra-se ocupado no momento.
Casa,1º leilão,"Boituva / SP - Portal Ville Azaleia Rua José Carlos Miranda,  145",https://www.portalzuk.com.br/imovel/sp/boituva/portal-ville-azaleia/rua-jose-carlos-miranda-145/33300-206336,602329.70,06/08/2025 às 14:37,"15.351 do 1º CRI -  Boituva/SP
                                      -  Nº Contribuinte: 44142.12.45.0157.00.000.",Banco Santander,"Casa, situada na Rua José Carlos Miranda, nº 145, Lote nº 18 da Quadra 10, Portal Ville Azaleia, Boituva/SP. Área construída: 130,76m² e Área de terreno: 279,86m², melhor descrito na matrícula n° 15.351 do 1° Ofício de Registro de Imóveis de Boituva/SP.",À Vista e sem desconto.,,"Imóvel ocupado. Venda em caráter ad corpus e no estado de conservação em que se encontra. Desocupação por conta do adquirente, nos termos do art. 30 e parágrafo único, da lei 9.514/97. Consta na Av.1, restrições.",,https://www.portalzuk.com.br/leilao-de-imoveis/v/banco-santander,Não há visitação,https://imagens.portalzuk.com.br/detalhe/2025/07/319011a49e29633941b252fb9dbeefe2.jpg,https://imagens.portalzuk.com.br/detalhe/2025/07/319011a49e29633941b252fb9dbeefe2.jpg,,,,,,,,,,,2,,,"130,76m²",,"279,86m²",,,,Este imóvel encontra-se ocupado no momento.
Casa,2º leilão,"Boituva / SP - Portal Ville Azaleia Rua José Carlos Miranda,  145",https://www.portalzuk.com.br/imovel/sp/boituva/portal-ville-azaleia/rua-jose-carlos-miranda-145/33300-206336,540817.9110,08/08/2025 às 14:37,"15.351 do 1º CRI -  Boituva/SP
                                      -  Nº Contribuinte: 44142.12.45.0157.00.000.",Banco Santander,"Casa, situada na Rua José Carlos Miranda, nº 145, Lote nº 18 da Quadra 10, Portal Ville Azaleia, Boituva/SP. Área construída: 130,76m² e Área de terreno: 279,86m², melhor descrito na matrícula n° 15.351 do 1° Ofício de Registro de Imóveis de Boituva/SP.",À Vista e sem desconto.,,"Imóvel ocupado. Venda em caráter ad corpus e no estado de conservação em que se encontra. Desocupação por conta do adquirente, nos termos do art. 30 e parágrafo único, da lei 9.514/97. Consta na Av.1, restrições.",,https://www.portalzuk.com.br/leilao-de-imoveis/v/banco-santander,Não há visitação,https://imagens.portalzuk.com.br/detalhe/2025/07/319011a49e29633941b252fb9dbeefe2.jpg,https://imagens.portalzuk.com.br/detalhe/2025/07/319011a49e29633941b252fb9dbeefe2.jpg,,,,,,,,,,,2,,,"130,76m²",,"279,86m²",,,,Este imóvel encontra-se ocupado no momento.
Casa,1º leilão,"São Carlos / SP - Parque Belvedere Rua Herminio Rodrigues Asenha,  251",https://www.portalzuk.com.br/imovel/sp/sao-carlos/parque-belvedere/rua-herminio-rodrigues-asenha-251/33300-206350,468334.29,06/08/2025 às 14:38,"143.373 do 1º CRI -  São Carlos/SP
                                      -  Nº Contribuinte: 19.119.005.001",Banco Santander,"Casa, situada na Rua Herminio Rodrigues Asenha, nº 251, Lote nº 2 da Quadra 5, Parque Belvedere, São Carlos/SP. Área de terreno: 279,49m² e Área construída: 100,68m², melhor descrito na matrícula nº 143.373 do Cartório de Registro de Imóveis de São Carlos/SP.",À Vista e sem desconto.,,"Imóvel ocupado. Venda em caráter ad corpus e no estado de conservação em que se encontra. Desocupação por conta do adquirente, nos termos do art. 30 e parágrafo único, da lei 9.514/97. Consta Ação de Consignação em Pagamento, conforme processo nº 1000775-12.2024.8.26.0566.",,https://www.portalzuk.com.br/leilao-de-imoveis/v/banco-santander,Não há visitação,https://imagens.portalzuk.com.br/detalhe/2025/07/c0bcc40af2194850755fbaedaa88fb57.jpg,https://imagens.portalzuk.com.br/detalhe/2025/07/c0bcc40af2194850755fbaedaa88fb57.jpg,,,,,,,,,,,2,,,"100,68m²",,"279,49m²",,,,Este imóvel encontra-se ocupado no momento.
Casa,2º leilão,"São Carlos / SP - Parque Belvedere Rua Herminio Rodrigues Asenha,  251",https://www.portalzuk.com.br/imovel/sp/sao-carlos/parque-belvedere/rua-herminio-rodrigues-asenha-251/33300-206350,493109.90,08/08/2025 às 14:38,"143.373 do 1º CRI -  São Carlos/SP
                                      -  Nº Contribuinte: 19.119.005.001",Banco Santander,"Casa, situada na Rua Herminio Rodrigues Asenha, nº 251, Lote nº 2 da Quadra 5, Parque Belvedere, São Carlos/SP. Área de terreno: 279,49m² e Área construída: 100,68m², melhor descrito na matrícula nº 143.373 do Cartório de Registro de Imóveis de São Carlos/SP.",À Vista e sem desconto.,,"Imóvel ocupado. Venda em caráter ad corpus e no estado de conservação em que se encontra. Desocupação por conta do adquirente, nos termos do art. 30 e parágrafo único, da lei 9.514/97. Consta Ação de Consignação em Pagamento, conforme processo nº 1000775-12.2024.8.26.0566.",,https://www.portalzuk.com.br/leilao-de-imoveis/v/banco-santander,Não há visitação,https://imagens.portalzuk.com.br/detalhe/2025/07/c0bcc40af2194850755fbaedaa88fb57.jpg,https://imagens.portalzuk.com.br/detalhe/2025/07/c0bcc40af2194850755fbaedaa88fb57.jpg,,,,,,,,,,,2,,,"100,68m²",,"279,49m²",,,,Este imóvel encontra-se ocupado no momento.
Casa,1º leilão,"Maringá / PR - Jardim Novo Horizonte Rua Pioneira Maria Josefa de Araújo,  137",https://www.portalzuk.com.br/imovel/pr/maringa/jardim-novo-horizonte/rua-pioneira-maria-josefa-de-araujo-137/33300-206351,771683.86,06/08/2025 às 14:39,"49.724 do 2º CRI -  Maringá/PR
                                      -  Nº Contribuinte: 17156270.",Banco Santander,"Casa, situada na Rua Pioneira Maria Josefa de Araújo, nº 137, Data 3 da quadra 137, Jardim Novo Horizonte, Maringá/PR. Área construída: 160,97m² e Área de terreno: 300,00m², melhor descrito na matrícula n° 49.724 do 2° Ofício de Registro de Imóveis de Maringá/PR.",À Vista e sem desconto.,,"Imóvel ocupado. Venda em caráter ad corpus e no estado de conservação em que se encontra. Desocupação por conta do adquirente, nos termos do art. 30 e parágrafo único, da lei 9.514/97. Consta ação Revisional, conforme processo nº 0007051-87.2023.8.16.0017.Consta Ação anulatória, processo nº 0019300-02.2025.8.16.0017 em trâmite na 4ª Vara Cível de Maringá - PR, o Vendedor responde pelo resultado da ação, de acordo com os critérios e limites estabelecidos nas ""Condições de Venda dos Imóveis"" constantes do edital.",,https://www.portalzuk.com.br/leilao-de-imoveis/v/banco-santander,Não há visitação,https://imagens.portalzuk.com.br/detalhe/2025/07/3dd3f0c621db0e52c56b30acc16420ed.jpg,https://imagens.portalzuk.com.br/detalhe/2025/07/3dd3f0c621db0e52c56b30acc16420ed.jpg,,,,,,,,,,,2,,,"160,97m²",,"300,00m²",,,,Este imóvel encontra-se ocupado no momento.
Casa,2º leilão,"Maringá / PR - Jardim Novo Horizonte Rua Pioneira Maria Josefa de Araújo,  137",https://www.portalzuk.com.br/imovel/pr/maringa/jardim-novo-horizonte/rua-pioneira-maria-josefa-de-araujo-137/33300-206351,764817.22,08/08/2025 às 14:39,"49.724 do 2º CRI -  Maringá/PR
                                      -  Nº Contribuinte: 17156270.",Banco Santander,"Casa, situada na Rua Pioneira Maria Josefa de Araújo, nº 137, Data 3 da quadra 137, Jardim Novo Horizonte, Maringá/PR. Área construída: 160,97m² e Área de terreno: 300,00m², melhor descrito na matrícula n° 49.724 do 2° Ofício de Registro de Imóveis de Maringá/PR.",À Vista e sem desconto.,,"Imóvel ocupado. Venda em caráter ad corpus e no estado de conservação em que se encontra. Desocupação por conta do adquirente, nos termos do art. 30 e parágrafo único, da lei 9.514/97. Consta ação Revisional, conforme processo nº 0007051-87.2023.8.16.0017.Consta Ação anulatória, processo nº 0019300-02.2025.8.16.0017 em trâmite na 4ª Vara Cível de Maringá - PR, o Vendedor responde pelo resultado da ação, de acordo com os critérios e limites estabelecidos nas ""Condições de Venda dos Imóveis"" constantes do edital.",,https://www.portalzuk.com.br/leilao-de-imoveis/v/banco-santander,Não há visitação,https://imagens.portalzuk.com.br/detalhe/2025/07/3dd3f0c621db0e52c56b30acc16420ed.jpg,https://imagens.portalzuk.com.br/detalhe/2025/07/3dd3f0c621db0e52c56b30acc16420ed.jpg,,,,,,,,,,,2,,,"160,97m²",,"300,00m²",,,,Este imóvel encontra-se ocupado no momento.
Casa,1º leilão,"Foz do Iguaçu / PR - Campos do Iguaçu Rua Capibaribe,  122",https://www.portalzuk.com.br/imovel/pr/foz-do-iguacu/campos-do-iguacu/rua-capibaribe-122/33300-206352,977942.05,06/08/2025 às 14:40,"45.338 do 2º CRI -  Foz do Iguaçu/PR
                                      -  Nº Contribuinte: 10.1.32.20.0057.001.",Banco Santander,"Casa 01, localizado no Condomínio Residencial Capibaribe II, situada na Rua Capibaribe, nº 122, Campos do Iguaçu, Foz do Iguaçu/PR. Área privativa: 185,63m² e Área total: 185,63m², melhor descrito na matrícula n° 45.338 do 2° Ofício de Registro de Imóveis de Foz do Iguaçu/PR.",À Vista e sem desconto.,,"Imóvel ocupado. Venda em caráter ad corpus e no estado de conservação em que se encontra. Desocupação por conta do adquirente, nos termos do art. 30 e parágrafo único, da lei 9.514/97.",,https://www.portalzuk.com.br/leilao-de-imoveis/v/banco-santander,Não há visitação,https://imagens.portalzuk.com.br/detalhe/2025/07/45e744058827bc545c66f85ad34adc2e.jpg,https://imagens.portalzuk.com.br/detalhe/2025/07/45e744058827bc545c66f85ad34adc2e.jpg,,,,,,,,,,,2,,,"185,63m²","185,63m²",,,,,Este imóvel encontra-se ocupado no momento.
Casa,2º leilão,"Foz do Iguaçu / PR - Campos do Iguaçu Rua Capibaribe,  122",https://www.portalzuk.com.br/imovel/pr/foz-do-iguacu/campos-do-iguacu/rua-capibaribe-122/33300-206352,661733.9232,08/08/2025 às 14:40,"45.338 do 2º CRI -  Foz do Iguaçu/PR
                                      -  Nº Contribuinte: 10.1.32.20.0057.001.",Banco Santander,"Casa 01, localizado no Condomínio Residencial Capibaribe II, situada na Rua Capibaribe, nº 122, Campos do Iguaçu, Foz do Iguaçu/PR. Área privativa: 185,63m² e Área total: 185,63m², melhor descrito na matrícula n° 45.338 do 2° Ofício de Registro de Imóveis de Foz do Iguaçu/PR.",À Vista e sem desconto.,,"Imóvel ocupado. Venda em caráter ad corpus e no estado de conservação em que se encontra. Desocupação por conta do adquirente, nos termos do art. 30 e parágrafo único, da lei 9.514/97.",,https://www.portalzuk.com.br/leilao-de-imoveis/v/banco-santander,Não há visitação,https://imagens.portalzuk.com.br/detalhe/2025/07/45e744058827bc545c66f85ad34adc2e.jpg,https://imagens.portalzuk.com.br/detalhe/2025/07/45e744058827bc545c66f85ad34adc2e.jpg,,,,,,,,,,,2,,,"185,63m²","185,63m²",,,,,Este imóvel encontra-se ocupado no momento.
Casa,1º leilão,"São Paulo / SP - Vila Pereira Barreto Avenida Cristo Rei,  251",https://www.portalzuk.com.br/imovel/sp/sao-paulo/vila-pereira-barreto/avenida-cristo-rei-251/33300-206353,468406.30,06/08/2025 às 14:41,"125.990 do 16º CRI -  São Paulo/SP
                                      -  Nº Contribuinte: 077.030.0057-4.",Banco Santander,"Casa 05, do Residencial Ville DCrist, situada na Avenida Cristo Rei, nº 251, Vila Pereira Barreto, São Paulo/SP, com direito as vagas de garagem 07-M e 08-M. Área privativa: 75,25m² e Área total: 144,00m², melhor descrito na matrícula n° 125.990 do 16° Oficial de Registro de Imóveis de São Paulo/SP.",À Vista e sem desconto.,,"Imóvel ocupado. Venda em caráter ad corpus e no estado de conservação em que se encontra. Desocupação por conta do adquirente, nos termos do art. 30 e parágrafo único, da lei 9.514/97.",,https://www.portalzuk.com.br/leilao-de-imoveis/v/banco-santander,Não há visitação,https://imagens.portalzuk.com.br/detalhe/2025/07/91958fef4a41bff66fc4eec32b3d7634.jpg,https://imagens.portalzuk.com.br/detalhe/2025/07/91958fef4a41bff66fc4eec32b3d7634.jpg,,,,,,,,,,,2,,,"144,00m²","75,25m²",,,,2,Este imóvel encontra-se ocupado no momento.
Casa,2º leilão,"São Paulo / SP - Vila Pereira Barreto Avenida Cristo Rei,  251",https://www.portalzuk.com.br/imovel/sp/sao-paulo/vila-pereira-barreto/avenida-cristo-rei-251/33300-206353,390929.9017,08/08/2025 às 14:41,"125.990 do 16º CRI -  São Paulo/SP
                                      -  Nº Contribuinte: 077.030.0057-4.",Banco Santander,"Casa 05, do Residencial Ville DCrist, situada na Avenida Cristo Rei, nº 251, Vila Pereira Barreto, São Paulo/SP, com direito as vagas de garagem 07-M e 08-M. Área privativa: 75,25m² e Área total: 144,00m², melhor descrito na matrícula n° 125.990 do 16° Oficial de Registro de Imóveis de São Paulo/SP.",À Vista e sem desconto.,,"Imóvel ocupado. Venda em caráter ad corpus e no estado de conservação em que se encontra. Desocupação por conta do adquirente, nos termos do art. 30 e parágrafo único, da lei 9.514/97.",,https://www.portalzuk.com.br/leilao-de-imoveis/v/banco-santander,Não há visitação,https://imagens.portalzuk.com.br/detalhe/2025/07/91958fef4a41bff66fc4eec32b3d7634.jpg,https://imagens.portalzuk.com.br/detalhe/2025/07/91958fef4a41bff66fc4eec32b3d7634.jpg,,,,,,,,,,,2,,,"144,00m²","75,25m²",,,,2,Este imóvel encontra-se ocupado no momento.
Casa,1º leilão,"Hortolândia / SP - Jardim São Sebastião Rua Camélias,  234",https://www.portalzuk.com.br/imovel/sp/hortolandia/jardim-sao-sebastiao/rua-camelias-234/33300-206354,350000.00,06/08/2025 às 14:42,"63.198 do 1º CRI -  Sumaré/SP
                                      -  Nº Contribuinte: 01.09.014.0069.001.",Banco Santander,"Casa, situada na Rua Camélias, nº 234, Lote 5 da Quadra II, Jardim São Sebastião, Hortolândia/SP. Área construída: 166,21m² e Área de terreno: 298,00m², melhor descrito na matrícula n° 63.198 do 1° Cartório de Registro de Imóveis de Sumaré/SP.",À Vista e sem desconto.,,"Imóvel ocupado. Venda em caráter ad corpus e no estado de conservação em que se encontra. Desocupação por conta do adquirente, nos termos do art. 30 e parágrafo único, da lei 9.514/97.",,https://www.portalzuk.com.br/leilao-de-imoveis/v/banco-santander,Não há visitação,https://imagens.portalzuk.com.br/detalhe/2025/07/458d6c60ad32dd1c7ed367fed54e6bc2.jpg,https://imagens.portalzuk.com.br/detalhe/2025/07/458d6c60ad32dd1c7ed367fed54e6bc2.jpg,,,,,,,,,,,2,,,"166,21m²",,"298,00m²",,,,Este imóvel encontra-se ocupado no momento.
Casa,2º leilão,"Hortolândia / SP - Jardim São Sebastião Rua Camélias,  234",https://www.portalzuk.com.br/imovel/sp/hortolandia/jardim-sao-sebastiao/rua-camelias-234/33300-206354,296929.3615,08/08/2025 às 14:42,"63.198 do 1º CRI -  Sumaré/SP
                                      -  Nº Contribuinte: 01.09.014.0069.001.",Banco Santander,"Casa, situada na Rua Camélias, nº 234, Lote 5 da Quadra II, Jardim São Sebastião, Hortolândia/SP. Área construída: 166,21m² e Área de terreno: 298,00m², melhor descrito na matrícula n° 63.198 do 1° Cartório de Registro de Imóveis de Sumaré/SP.",À Vista e sem desconto.,,"Imóvel ocupado. Venda em caráter ad corpus e no estado de conservação em que se encontra. Desocupação por conta do adquirente, nos termos do art. 30 e parágrafo único, da lei 9.514/97.",,https://www.portalzuk.com.br/leilao-de-imoveis/v/banco-santander,Não há visitação,https://imagens.portalzuk.com.br/detalhe/2025/07/458d6c60ad32dd1c7ed367fed54e6bc2.jpg,https://imagens.portalzuk.com.br/detalhe/2025/07/458d6c60ad32dd1c7ed367fed54e6bc2.jpg,,,,,,,,,,,2,,,"166,21m²",,"298,00m²",,,,Este imóvel encontra-se ocupado no momento.
Apartamento,1º leilão,"São Bernardo do Campo / SP - Centro Rua Silva Jardim,  290",https://www.portalzuk.com.br/imovel/sp/sao-bernardo-do-campo/centro/rua-silva-jardim-290/33300-206355,1446634.74,06/08/2025 às 14:43,"65.643 do 1º CRI -  São Bernardo do Campo/SP
                                      -  Nº Contribuinte: 001.037.003.021.",Banco Santander,"Apartamento nº 111, localizado no 11º andar, do Edifício Montgermont, situado a Rua Silva Jardim, nº 290, Centro, São Bernardo do Campo/SP, com direito a 3 vagas de garagem. Área privativa: 225,53m² e Área total: 373,64m², melhor descrito na matrícula n° 65.643 do 1° Cartório de Registro de Imóveis de São Bernardo do Campo/SP.",À Vista e sem desconto.,,"Imóvel ocupado. Venda em caráter ad corpus e no estado de conservação em que se encontra. Desocupação por conta do adquirente, nos termos do art. 30 e parágrafo único, da lei 9.514/97.",,https://www.portalzuk.com.br/leilao-de-imoveis/v/banco-santander,Não há visitação,https://imagens.portalzuk.com.br/detalhe/2025/07/927d9f3f35956832acc2febe4c28378b.jpg,https://imagens.portalzuk.com.br/detalhe/2025/07/927d9f3f35956832acc2febe4c28378b.jpg,,,,,,,,,,,2,11,,,,,"373,64m²","225,53m²",3,Este imóvel encontra-se ocupado no momento.
Apartamento,2º leilão,"São Bernardo do Campo / SP - Centro Rua Silva Jardim,  290",https://www.portalzuk.com.br/imovel/sp/sao-bernardo-do-campo/centro/rua-silva-jardim-290/33300-206355,1101350.8524,08/08/2025 às 14:43,"65.643 do 1º CRI -  São Bernardo do Campo/SP
                                      -  Nº Contribuinte: 001.037.003.021.",Banco Santander,"Apartamento nº 111, localizado no 11º andar, do Edifício Montgermont, situado a Rua Silva Jardim, nº 290, Centro, São Bernardo do Campo/SP, com direito a 3 vagas de garagem. Área privativa: 225,53m² e Área total: 373,64m², melhor descrito na matrícula n° 65.643 do 1° Cartório de Registro de Imóveis de São Bernardo do Campo/SP.",À Vista e sem desconto.,,"Imóvel ocupado. Venda em caráter ad corpus e no estado de conservação em que se encontra. Desocupação por conta do adquirente, nos termos do art. 30 e parágrafo único, da lei 9.514/97.",,https://www.portalzuk.com.br/leilao-de-imoveis/v/banco-santander,Não há visitação,https://imagens.portalzuk.com.br/detalhe/2025/07/927d9f3f35956832acc2febe4c28378b.jpg,https://imagens.portalzuk.com.br/detalhe/2025/07/927d9f3f35956832acc2febe4c28378b.jpg,,,,,,,,,,,2,11,,,,,"373,64m²","225,53m²",3,Este imóvel encontra-se ocupado no momento.
Casa,1º leilão,"Taubaté / SP - Quiririm Rua Didimo Gadioli,  263",https://www.portalzuk.com.br/imovel/sp/taubate/quiririm/rua-didimo-gadioli-263/33300-206356,309357.39,06/08/2025 às 14:44,"25.901 do 1º CRI -  Taubaté/SP
                                      -  Nº Contribuinte: 4.6.148.008.001.",Banco Santander,"Casa, situada na Rua Didimo Gadioli, nº 263, Lote 8 da Quadra I, Quiririm, Taubaté/SP. Área construída: 82,42m² e Área de terreno: 137,50m², melhor descrito na matrícula n° 25.901 do 1° Oficial de Registro de Imóveis de Taubaté/SP.",À Vista e sem desconto.,,"Imóvel ocupado. Venda em caráter ad corpus e no estado de conservação em que se encontra. Desocupação por conta do adquirente, nos termos do art. 30 e parágrafo único, da lei 9.514/97.Consta Ação ANULATÓRIA , processo nº 1010939-19.2025.8.26.0625 em trâmite na 5ª Vara Cível Foro de Taubaté de Taubaté - SP, o Vendedor responde pelo resultado da ação, de acordo com os critérios e limites estabelecidos nas ""Condições de Venda dos Imóveis"" constantes do edital.",,https://www.portalzuk.com.br/leilao-de-imoveis/v/banco-santander,Não há visitação,https://imagens.portalzuk.com.br/detalhe/2025/07/204b449ea97a138e1169dcd9742df6d3.jpg,https://imagens.portalzuk.com.br/detalhe/2025/07/204b449ea97a138e1169dcd9742df6d3.jpg,,,,,,,,,,,2,,,"82,42m²",,"137,50m²",,,,Este imóvel encontra-se ocupado no momento.
Casa,2º leilão,"Taubaté / SP - Quiririm Rua Didimo Gadioli,  263",https://www.portalzuk.com.br/imovel/sp/taubate/quiririm/rua-didimo-gadioli-263/33300-206356,229065.0026,08/08/2025 às 14:44,"25.901 do 1º CRI -  Taubaté/SP
                                      -  Nº Contribuinte: 4.6.148.008.001.",Banco Santander,"Casa, situada na Rua Didimo Gadioli, nº 263, Lote 8 da Quadra I, Quiririm, Taubaté/SP. Área construída: 82,42m² e Área de terreno: 137,50m², melhor descrito na matrícula n° 25.901 do 1° Oficial de Registro de Imóveis de Taubaté/SP.",À Vista e sem desconto.,,"Imóvel ocupado. Venda em caráter ad corpus e no estado de conservação em que se encontra. Desocupação por conta do adquirente, nos termos do art. 30 e parágrafo único, da lei 9.514/97.Consta Ação ANULATÓRIA , processo nº 1010939-19.2025.8.26.0625 em trâmite na 5ª Vara Cível Foro de Taubaté de Taubaté - SP, o Vendedor responde pelo resultado da ação, de acordo com os critérios e limites estabelecidos nas ""Condições de Venda dos Imóveis"" constantes do edital.",,https://www.portalzuk.com.br/leilao-de-imoveis/v/banco-santander,Não há visitação,https://imagens.portalzuk.com.br/detalhe/2025/07/204b449ea97a138e1169dcd9742df6d3.jpg,https://imagens.portalzuk.com.br/detalhe/2025/07/204b449ea97a138e1169dcd9742df6d3.jpg,,,,,,,,,,,2,,,"82,42m²",,"137,50m²",,,,Este imóvel encontra-se ocupado no momento.
Casa,1º leilão,"Anápolis / GO - Anápolis City Rua S-066,  s/nº",https://www.portalzuk.com.br/imovel/go/anapolis/anapolis-city/rua-s_066-s-nº/33300-206357,1375000.00,06/08/2025 às 14:45,"31.069 do 2º CRI -  Anápolis/GO
                                      -  Nº Contribuinte: 101.283.0132.001.",Banco Santander,"Casa, situada na Rua S-066, s/nº, Lote 08 da Quadra 73, Anápolis City, Anápolis/GO. Área construída: 193,00m² e Área de terreno: 420,00m², melhor descrito na matrícula n° 31.069 do Cartório de Registro de Imóveis da 2ª Circunscrição de Anápolis/GO.",À Vista e sem desconto.,,"Imóvel ocupado. Venda em caráter ad corpus e no estado de conservação em que se encontra. Desocupação por conta do adquirente, nos termos do art. 30 e parágrafo único, da lei 9.514/97. Consta Ação Indenizatória, conforme processo nº 5008241-57.2025.8.09.0006.Consta IMPUGNAÇÃO AO LEILÃO EXTRAJUDICIAL C/C COM REFORÇO DE PENHORA, processo nº 5625622-29.2025.8.09.0006 em trâmite na UPJ Varas Cíveis: 1ª, 2ª, 3ª, 4ª, 5ª e 6ª de Anápolis - GO, o Vendedor responde pelo resultado da ação, de acordo com os critérios e limites estabelecidos nas ""Condições de Venda dos Imóveis"" constantes do edital.",,https://www.portalzuk.com.br/leilao-de-imoveis/v/banco-santander,Não há visitação,https://imagens.portalzuk.com.br/detalhe/2025/07/aacd7cbe09bb07972cad3ec1135515f8.jpg,https://imagens.portalzuk.com.br/detalhe/2025/07/aacd7cbe09bb07972cad3ec1135515f8.jpg,,,,,,,,,,,2,,,"193,00m²",,"420,00m²",,,,Este imóvel encontra-se ocupado no momento.
Casa,2º leilão,"Anápolis / GO - Anápolis City Rua S-066,  s/nº",https://www.portalzuk.com.br/imovel/go/anapolis/anapolis-city/rua-s_066-s-nº/33300-206357,1151767.2416,08/08/2025 às 14:45,"31.069 do 2º CRI -  Anápolis/GO
                                      -  Nº Contribuinte: 101.283.0132.001.",Banco Santander,"Casa, situada na Rua S-066, s/nº, Lote 08 da Quadra 73, Anápolis City, Anápolis/GO. Área construída: 193,00m² e Área de terreno: 420,00m², melhor descrito na matrícula n° 31.069 do Cartório de Registro de Imóveis da 2ª Circunscrição de Anápolis/GO.",À Vista e sem desconto.,,"Imóvel ocupado. Venda em caráter ad corpus e no estado de conservação em que se encontra. Desocupação por conta do adquirente, nos termos do art. 30 e parágrafo único, da lei 9.514/97. Consta Ação Indenizatória, conforme processo nº 5008241-57.2025.8.09.0006.Consta IMPUGNAÇÃO AO LEILÃO EXTRAJUDICIAL C/C COM REFORÇO DE PENHORA, processo nº 5625622-29.2025.8.09.0006 em trâmite na UPJ Varas Cíveis: 1ª, 2ª, 3ª, 4ª, 5ª e 6ª de Anápolis - GO, o Vendedor responde pelo resultado da ação, de acordo com os critérios e limites estabelecidos nas ""Condições de Venda dos Imóveis"" constantes do edital.",,https://www.portalzuk.com.br/leilao-de-imoveis/v/banco-santander,Não há visitação,https://imagens.portalzuk.com.br/detalhe/2025/07/aacd7cbe09bb07972cad3ec1135515f8.jpg,https://imagens.portalzuk.com.br/detalhe/2025/07/aacd7cbe09bb07972cad3ec1135515f8.jpg,,,,,,,,,,,2,,,"193,00m²",,"420,00m²",,,,Este imóvel encontra-se ocupado no momento.
Casa,1º leilão,"Olivença / AL - Clima Bom Avenida Clima Bom,  1371",https://www.portalzuk.com.br/imovel/al/olivenca/clima-bom/avenida-clima-bom-1371/33300-206358,489137.79,06/08/2025 às 14:46,"972 do 1º CRI -  Santana do Ipanema/AL
                                      -  Nº Contribuinte: 1.002.093.0001.0000.",Banco Santander,"Casa, situada na Avenida Clima Bom, nº 1371, Clima Bom, Olivença/AL. Área construída: 401,60m² e Área de terreno: 3.584,75m², melhor descrito na matrícula n° 972 do Cartório de Registro de Imóveis de Santana do Ipanema/AL.",À Vista e sem desconto.,,"Imóvel ocupado. Venda em caráter ad corpus e no estado de conservação em que se encontra. Desocupação por conta do adquirente, nos termos do art. 30 e parágrafo único, da lei 9.514/97.",,https://www.portalzuk.com.br/leilao-de-imoveis/v/banco-santander,Não há visitação,https://imagens.portalzuk.com.br/detalhe/2025/07/bbcc0e152ad84212f530594b529507c3.jpg,https://imagens.portalzuk.com.br/detalhe/2025/07/bbcc0e152ad84212f530594b529507c3.jpg,,,,,,,,,,,2,,,"401,60m²",,"3.584,75m²",,,,Este imóvel encontra-se ocupado no momento.
Casa,2º leilão,"Olivença / AL - Clima Bom Avenida Clima Bom,  1371",https://www.portalzuk.com.br/imovel/al/olivenca/clima-bom/avenida-clima-bom-1371/33300-206358,599000.00,08/08/2025 às 14:46,"972 do 1º CRI -  Santana do Ipanema/AL
                                      -  Nº Contribuinte: 1.002.093.0001.0000.",Banco Santander,"Casa, situada na Avenida Clima Bom, nº 1371, Clima Bom, Olivença/AL. Área construída: 401,60m² e Área de terreno: 3.584,75m², melhor descrito na matrícula n° 972 do Cartório de Registro de Imóveis de Santana do Ipanema/AL.",À Vista e sem desconto.,,"Imóvel ocupado. Venda em caráter ad corpus e no estado de conservação em que se encontra. Desocupação por conta do adquirente, nos termos do art. 30 e parágrafo único, da lei 9.514/97.",,https://www.portalzuk.com.br/leilao-de-imoveis/v/banco-santander,Não há visitação,https://imagens.portalzuk.com.br/detalhe/2025/07/bbcc0e152ad84212f530594b529507c3.jpg,https://imagens.portalzuk.com.br/detalhe/2025/07/bbcc0e152ad84212f530594b529507c3.jpg,,,,,,,,,,,2,,,"401,60m²",,"3.584,75m²",,,,Este imóvel encontra-se ocupado no momento.
