url,data,preco,descricao,forma_pagamento,metragem,caracteristicas,pagina,cidade,bairro,endereco,tipo_imovel,processo_link,leiloeiro
https://www.sodresantoro.com.br/imoveis/lotes?page=1,31/07/2025,1.461.117,"Prédio com área construída de 150,00 m², localizado na Rua Carinás, n° 773, 24° Subdistrito de Indianópolis, São Paulo/SP, e respectivo terreno, designado sob o lote n° 284 da quadra n° 14-C, da Vila Helena, medindo 8,00 metros de frente, por 40,00 metros, da frente aos fundos, tendo nos fundos a mesma largura de frente, com área de 320,00 m², confrontando pelo lado direito, de quem da rua olha para o imóvel, com o prédio n° 795; pelo lado esquerdo, com o prédio n° 765, e pelos fundos com José Daniel de Camargo.Matrícula nº 23.434 do 14ª CRI da Capital/SPContribuinte municipal nº 045.250.0027-9Avaliação: R$ 2.189.000,00 (fevereiro/2023)Ônus/restrições: (i) Constam da matrícula do imóvel, em (Av.02), a penhora proferida nos autos nº 0003936-60.2013.8.26.0266, 1ª Vara Cível de Itanhaém/SP; em (Av. 03), a penhora proferida nos autos da ação nº 0001018-93.2007.8.26.0266/0001, 3ª Vara Cível de Itanhaém/SP; (ii) Em consulta ao sítio eletrônico da Prefeitura Municipal da Capital, foram localizados débitos de IPTU sobre o imóvel, no valor aproximado de R$ 116.732,28 (maio/2025).",O pagamento desse lote será feito por meio de uma guia de depósito judicial e a comissão do leiloeiro deverá ser depositada em conta corrente a ser informada. Toda a instrução de pagamento será enviada ao e-mail cadastrado do vencedor.,n/a,n/a,1,Cidade:SÃO PAULO / SP,Bairro:INDIANÓPOLIS,"Endereço:RUA CARINÁS, N° 773, LOTE N° 284 DA QUADRA N° 14-C",Tipo:Prédio,https://encurtador.com.br/2t0MO,Nome do Leiloeiro / JUCESP:Carolina Lauro Sodre Santoro / 758
https://www.sodresantoro.com.br/imoveis/lotes?page=1,31/07/2025,482.638,"Direitos sobre lote de terreno com área de 300,00 m², sem edificação, sob o nº 16 da quadra n° 13 do Loteamento Arujá 5, situado no perímetro de Arujá/SP, da Comarca de Santa Isabel/SP, com as seguintes medidas e confrontações: mede 12,00 metros de frente para Rua Amazonita; mede 25,00 metros da frente aos fundos pelo lado direito onde confronta com o lote n° 17; mede 25,00 metros da frente aos fundos pelo lado esquerdo, onde confronta com o lote n° 19, todos da mesma quadra.Matrícula nº 26.809, do CRI de Santa Isabel/SPContribuinte municipal nº SE-11-09-13-22-2Avaliação: R$ 739.843,87 (junho/2023)Ônus/restrições: (i) Constam da matrícula do imóvel, em (Av.04), restrições urbanísticas que proíbem, entre outros, o desmembramento e construção de mais de uma residência por lote; em (Av.06), a indisponibilidade decretada nos autos n° 0025599-97.2000.4.03.6182 da 3ª Vara de Execuções Fiscais de São Paulo/SP; em (Av.07), a indisponibilidade decretada nos autos n° 0165800-52.1999.5.02.0302, --- Vara do Trabalho de São Paulo/SP; (ii) O débito executado nos presente autos alcança o montante de R$ 1.339.579,39 (janeiro/2025); (iii) Referidos direitos decorrem de Instrumento Particular de Compromisso de Venda e Compra de Lote de Terreno, firmado entre a compromissária vendedora Ricci e Associados Engenharia e Comércio Ltda. com Wilson José Godinho Costa e sua esposa Elaine Ikier Gonçalves Costa. O débito atualizado de condomínio, conforme informação fornecida pela administradora em junho de 2025, no valor total de R$ 1.427.241,03.",O pagamento desse lote será feito por meio de uma guia de depósito judicial e a comissão do leiloeiro deverá ser depositada em conta corrente a ser informada. Toda a instrução de pagamento será enviada ao e-mail cadastrado do vencedor.,n/a,n/a,1,Cidade:ARUJÁ / SP,Bairro:JD. FAZENDA RINCAO,"Endereço:(LOTEAMENTO ARUJÁ 5) RUA AMAZONITA, LOTE Nº 16, QUADRA Nº13",Tipo:Direitos sobre lote de terreno,https://encurtador.com.br/cIGhD,Nome do Leiloeiro / JUCESP:Luiz Fernando de Abreu Sodre Santoro / 192
https://www.sodresantoro.com.br/imoveis/lotes?page=1,05/08/2025 11:00,482.400,"Rio de Janeiro/RJ.  Bairro Centro. 6º Pavimento do Edifício Montreal, composto de 5 salões, situado na Avenida Presidente Vargas nº 509, com área útil 396,28m², melhor descrito e caracterizado na Matrícula sob nº 20380 do 2º Ofício do Registro de Imóveis da Comarca do Rio de Janeiro/RJ. DESOCUPADO. Obs.1: O imóvel está sendo leiloado no estado em que se encontra, tanto em termos físicos quanto em termos documentais, cabendo exclusivamente ao comprador se informar antecipadamente sobre tais estados e efetuar seus lances considerando possíveis regularizações posteriores ao leilão. Obs.2: Os débitos de IPTU, encargos e Condomínio vincendas (parcelas a vencer), deverão ser apurados e pagos pelo arrematante, sem direito a reembolso, a partir da data do leilão. Visitas deverão ser previamente agendadas no Setor de Imóveis com o Emerson, pelo telefone: (11) 2464- 6460 ou por meio do e-mail af@sodresantoro.com.br.",O pagamento desse lote será feito por meio de transferência bancária e a comissão do leiloeiro deverá ser depositada em conta corrente a ser informada.,n/a,n/a,1,Cidade:RIO DE JANEIRO / RJ,Bairro:CENTRO,"Endereço:AV. PRESIDENTE VARGAS, N° 509 - 6° PAVIMENTO -  ED. MONTREAL",Tipo:Sala comercial,n/a,Nome do Leiloeiro / JUCESP:Flavio Cunha Sodre Santoro / 581
https://www.sodresantoro.com.br/imoveis/lotes?page=1,05/08/2025 11:02,482.400,"Rio de Janeiro/RJ.  Bairro Centro. 7º Pavimento do Edifício Montreal, composto de 5 salões, situado na Avenida Presidente Vargas nº 509, com área útil 396,28m², melhor descrito e caracterizado na Matrícula sob nº 20660 do 2º Ofício do Registro de Imóveis da Comarca do Rio de Janeiro/RJ. DESOCUPADO.  Obs.1: O imóvel está sendo leiloado no estado em que se encontra, tanto em termos físicos quanto em termos documentais, cabendo exclusivamente ao comprador se informar antecipadamente sobre tais estados e efetuar seus lances considerando possíveis regularizações posteriores ao leilão. Obs.2: Os débitos de IPTU, encargos e Condomínio vincendas (parcelas a vencer), deverão ser apurados e pagos pelo arrematante, sem direito a reembolso, a partir da data do leilão. Visitas deverão ser previamente agendadas no Setor de Imóveis com o Emerson, pelo telefone: (11) 2464- 6460 ou por meio do e-mail af@sodresantoro.com.br.",O pagamento desse lote será feito por meio de transferência bancária e a comissão do leiloeiro deverá ser depositada em conta corrente a ser informada.,n/a,n/a,1,Cidade:RIO DE JANEIROR / RJ,Bairro:CENTRO,"Endereço:AV. PRESIDENTE VARGAS, 509",Tipo:Sala comercial,n/a,Nome do Leiloeiro / JUCESP:Flavio Cunha Sodre Santoro / 581
https://www.sodresantoro.com.br/imoveis/lotes?page=1,05/08/2025 11:04,482.400,"Rio de Janeiro/RJ.  Bairro Centro. 9º Pavimento do Edifício Montreal, constituído de 5 salões, situado na Avenida Presidente Vargas nº 509, com área útil 396,28m² melhor descrito e caracterizado na Matrícula sob nº 20379 do 2º Ofício do Registro de Imóveis da Comarca do Rio de Janeiro/RJ. DESOCUPADO. Obs.1: O imóvel está sendo leiloado no estado em que se encontra, tanto em termos físicos quanto em termos documentais, cabendo exclusivamente ao comprador se informar antecipadamente sobre tais estados e efetuar seus lances considerando possíveis regularizações posteriores ao leilão. Obs.2: Os débitos de IPTU, encargos e Condomínio vincendas (parcelas a vencer), deverão ser apurados e pagos pelo arrematante, sem direito a reembolso, a partir da data do leilão. Visitas deverão ser previamente agendadas no Setor de Imóveis com o Emerson, pelo telefone: (11) 2464- 6460 ou por meio do e-mail af@sodresantoro.com.br.",O pagamento desse lote será feito por meio de transferência bancária e a comissão do leiloeiro deverá ser depositada em conta corrente a ser informada.,n/a,n/a,1,Cidade:RIO DE JANEIRO / RJ,Bairro:CENTRO,"Endereço:AV. PRESIDENTE VARGAS, 509",Tipo:Sala comercial,n/a,Nome do Leiloeiro / JUCESP:Flavio Cunha Sodre Santoro / 581
https://www.sodresantoro.com.br/imoveis/lotes?page=1,05/08/2025 11:06,200.000,"Rio de Janeiro/RJ.  Bairro Centro. Sobreloja n° 204 do Edifício Inconfidentes, com área útil 128,00m², situado na Avenida Graça Aranha nº 19, melhor descrito e caracterizado na Matrícula sob nº 12925-2-AC do 7º Ofício do Registro de Imóveis da Comarca do Rio de Janeiro/RJ. DESOCUPADO. Obs.1: O imóvel está sendo leiloado no estado em que se encontra, tanto em termos físicos quanto em termos documentais, cabendo exclusivamente ao comprador se informar antecipadamente sobre tais estados e efetuar seus lances considerando possíveis regularizações posteriores ao leilão. Obs.2: Os débitos de IPTU, encargos e Condomínio vincendas (parcelas a vencer), deverão ser apurados e pagos pelo arrematante, sem direito a reembolso, a partir da data do leilão. Visitas deverão ser previamente agendadas no Setor de Imóveis com o Emerson, pelo telefone: (11) 2464- 6460 ou por meio do e-mail af@sodresantoro.com.br.",O pagamento desse lote será feito por meio de transferência bancária e a comissão do leiloeiro deverá ser depositada em conta corrente a ser informada.,n/a,n/a,1,Cidade:RIO DE JANEIRO / RJ,Bairro:CENTRO,"Endereço:AV. GRAÇA ARANHA, 19",Tipo:Sobreloja,n/a,Nome do Leiloeiro / JUCESP:Flavio Cunha Sodre Santoro / 581
https://www.sodresantoro.com.br/imoveis/lotes?page=1,05/08/2025 11:08,144.000,"Rio de Janeiro/RJ.  Bairro Centro. Sala Comercial n° 401 do Edifício Inconfidentes, situado na Avenida Graça Aranha nº 19, com área útil 92,00m², melhor descrito e caracterizado na Matrícula sob nº 12926-2-AD do 7º Ofício do Registro de Imóveis da Comarca do Rio de Janeiro/RJ. DESOCUPADO. Obs.1: O imóvel está sendo leiloado no estado em que se encontra, tanto em termos físicos quanto em termos documentais, cabendo exclusivamente ao comprador se informar antecipadamente sobre tais estados e efetuar seus lances considerando possíveis regularizações posteriores ao leilão. Obs.2: Os débitos de IPTU, encarogos e Condomínio vincendas (parcelas a vencer), deverão ser apurados e pagos pelo arrematante, sem direito a reembolso, a partir da data do leilão. Visitas deverão ser previamente agendadas no Setor de Imóveis com o Emerson, pelo telefone: (11) 2464- 6460 ou por meio do e-mail af@sodresantoro.com.br.",O pagamento desse lote será feito por meio de transferência bancária e a comissão do leiloeiro deverá ser depositada em conta corrente a ser informada.,n/a,n/a,1,Cidade:RIO DE JANEIRO / RJ,Bairro:CENTRO,"Endereço:AV. GRAÇA ARANHA, 19",Tipo:Sala comercial,n/a,Nome do Leiloeiro / JUCESP:Flavio Cunha Sodre Santoro / 581
https://www.sodresantoro.com.br/imoveis/lotes?page=1,05/08/2025 11:10,164.800,"Rio de Janeiro/RJ.  Bairro Centro. Sala Comercial n° 403 do Edifício Inconfidentes, situado na Avenida Graça Aranha nº 19, com área útil 103,00m², melhor descrito e caracterizado na Matrícula sob nº 12927-2-AE do 7º Ofício do Registro de Imóveis da Comarca do Rio de Janeiro/RJ. LOCADO. Obs.1: O imóvel está sendo leiloado no estado em que se encontra, tanto em termos físicos quanto em termos documentais, cabendo exclusivamente ao comprador se informar antecipadamente sobre tais estados e efetuar seus lances considerando possíveis regularizações posteriores ao leilão. Obs.2: Os débitos de IPTU, encargos e Condomínio vincendas (parcelas a vencer), deverão ser apurados e pagos pelo arrematante, sem direito a reembolso, a partir da data do leilão. Obs. 3: Imóvel locado com contrato não residencial celebrado com 01 empresa , que realiza o pagamento de forma integral ao Vendedor, valor aproximado do aluguel de R$1.500,00 (um mil e quinhentos reais) mensal, com renovação automática, caso nenhuma parte se oponha. Visitas deverão ser previamente agendadas no Setor de Imóveis com o Emerson, pelo telefone: (11) 2464- 6460 ou por meio do e-mail af@sodresantoro.com.br.",O pagamento desse lote será feito por meio de transferência bancária e a comissão do leiloeiro deverá ser depositada em conta corrente a ser informada.,n/a,n/a,1,Cidade:RIO DE JANEIRO / RJ,Bairro:CENTRO,"Endereço:AVENIDA GRAÇA ARANHA, 19",Tipo:Sala comercial,n/a,Nome do Leiloeiro / JUCESP:Flavio Cunha Sodre Santoro / 581
https://www.sodresantoro.com.br/imoveis/lotes?page=1,05/08/2025 11:12,360.000,"Rio de Janeiro/RJ.  Bairro Centro. Sala nº 312 do Edifício Guinle, situado na Avenida Rio Branco nº 135, com área útil 90,00m², melhor descrito e caracterizado na Matrícula sob nº 15362-2-Z do 7º Ofício do Registro de Imóveis da Comarca do Rio de Janeiro/RJ. Rio de Janeiro/RJ.  Bairro Centro. Sala nº 313 do Edifício Guinle, situado na Avenida Rio Branco nº 135, com área útil 37,00m², melhor descrito e caracterizado na Matrícula sob nº 15363-2-AA do 7º Ofício do Registro de Imóveis da Comarca do Rio de Janeiro/RJ. Rio de Janeiro/RJ.  Bairro Centro. Sala nº 314 do Edifício Guinle, situado na Avenida Rio Branco nº 135, com área útil 37,00, melhor descrito e caracterizado na Matrícula sob nº 15364-2-AB do 7º Ofício do Registro de Imóveis da Comarca do Rio de Janeiro/RJ. Rio de Janeiro/RJ.  Bairro Centro. Sala nº 315 do Edifício Guinle, situado na Avenida Rio Branco nº 135, com área útil 37,00, melhor descrito e caracterizado na Matrícula sob nº 15365-2-AC do 7º Ofício do Registro de Imóveis da Comarca do Rio de Janeiro/RJ. Rio de Janeiro/RJ.  Bairro Centro. Sala nº 316 do Edifício Guinle, situado na Avenida Rio Branco nº 135, com área útil 37,00, melhor descrito e caracterizado na Matrícula sob nº 15366-2-AC do 7º Ofício do Registro de Imóveis da Comarca do Rio de Janeiro/RJ. Rio de Janeiro/RJ.  Bairro Centro. Sala nº 317 do Edifício Guinle, situado na Avenida Rio Branco nº 135, com área útil 37,00, melhor descrito e caracterizado na Matrícula sob nº 15367-2-AE do 7º Ofício do Registro de Imóveis da Comarca do Rio de Janeiro/RJ. Rio de Janeiro/RJ.  Bairro Centro. Sala nº 318 do Edifício Guinle, situado na Avenida Rio Branco nº 135, com área útil 37,00, melhor descrito e caracterizado na Matrícula sob nº 15368-2-AF do 7º Ofício do Registro de Imóveis da Comarca do Rio de Janeiro/RJ. Rio de Janeiro/RJ.  Bairro Centro. Sala nº 319 do Edifício Guinle, situado na Avenida Rio Branco nº 135, com área útil 37,00, melhor descrito e caracterizado na Matrícula sob nº 15369-2-AG do 7º Ofício do Registro de Imóveis da Comarca do Rio de Janeiro/RJ.  DESOCUPADO. Obs.1: O imóvel está sendo leiloado no estado em que se encontra, tanto em termos físicos quanto em termos documentais, cabendo exclusivamente ao comprador se informar antecipadamente sobre tais estados e efetuar seus lances considerando possíveis regularizações posteriores ao leilão. Obs.2: Os débitos de IPTU, encargos e Condomínio vincendas (parcelas a vencer), deverão ser apurados e pagos pelo arrematante, sem direito a reembolso, a partir da data do leilão. Visitas deverão ser previamente agendadas no Setor de Imóveis com o Emerson, pelo telefone: (11) 2464- 6460 ou por meio do e-mail af@sodresantoro.com.br.",O pagamento desse lote será feito por meio de transferência bancária e a comissão do leiloeiro deverá ser depositada em conta corrente a ser informada.,n/a,n/a,1,Cidade:RIO DE JANEIRO / RJ,Bairro:CENTRO,"Endereço:AVENIDA RIO BRANCO, N° 135 - ED. GUINLE",Tipo:Salas comerciais,n/a,Nome do Leiloeiro / JUCESP:Flavio Cunha Sodre Santoro / 581
https://www.sodresantoro.com.br/imoveis/lotes?page=1,06/08/2025 11:00,396.618,"Lote 01 - Apartamento n° 03, localizado no andar térreo do (Edifício Três Reginas), situado na Rua Itaipú, n° 255, no 21º Subdistrito da Saúde, São Paulo/SP, com as seguintes medidas: área útil de 51,150 m²; área comum de 21,482 m² e área total de 72,632 m²; correspondendo-lhe a fração ideal de 2,501% no terreno, e cabendo-lhe o direito ao uso de uma vaga de garagem localizada no subsolo do edifício, em local indeterminado e sujeito a manobrista.Matrícula nº 209.980, do 14º CRI da Capital/SPContribuinte municipal nº 045.142.0093-1Avaliação: R$ 391.000,00 (março/2025)",O pagamento desse lote será feito por meio de uma guia de depósito judicial e a comissão do leiloeiro deverá ser depositada em conta corrente a ser informada. Toda a instrução de pagamento será enviada ao e-mail cadastrado do vencedor.,n/a,n/a,1,Cidade:SÃO PAULO / SP,Bairro:MIRANDÓPOLIS,"Endereço:RUA ITAIPÚ, N° 255",Tipo:Apartamento,https://encurtador.com.br/bL7i8,Nome do Leiloeiro / JUCESP:Carolina Lauro Sodre Santoro / 758
https://www.sodresantoro.com.br/imoveis/lotes?page=1,06/08/2025 11:03,346.914,"Lote 02 - Apartamento n° 07, localizado no pavimento térreo do (Edifício Três Reginas), situado na Rua Itaipú, n° 255, no 21º Subdistrito da Saúde, São Paulo/SP, com as seguintes medidas: área útil de 48,920 m²; área comum de 20,546 m² e área total de 69,466 m²; correspondendo-lhe a fração ideal no terreno de 2,392%.Matrícula nº 209.982, do 14º CRI da Capital/SPContribuinte municipal nº 045.142.0097-2Avaliação: R$ 342.000,00 (março/2025)Foram identificados, por meio de consulta ao site da Prefeitura local realizada em julho de 2025, valores de IPTU a vencer referentes aos meses de julho a novembro, totalizando R$ 833,65.",O pagamento desse lote será feito por meio de uma guia de depósito judicial e a comissão do leiloeiro deverá ser depositada em conta corrente a ser informada. Toda a instrução de pagamento será enviada ao e-mail cadastrado do vencedor.,n/a,n/a,1,Cidade:SÃO PAULO / SP,Bairro:MIRANDÓPOLIS,"Endereço:RUA ITAIPÚ, N° 255",Tipo:Apartamento,https://encurtador.com.br/bL7i8,Nome do Leiloeiro / JUCESP:Carolina Lauro Sodre Santoro / 758
https://www.sodresantoro.com.br/imoveis/lotes?page=1,06/08/2025 11:06,450.379,"Lote 03 - Apartamento n° 12, localizado no 1º andar do (Edifício Três Reginas), situado na Rua Itaipú, n° 255, no 21º Subdistrito da Saúde, São Paulo/SP, com as seguintes medidas: área útil de 61,880 m²; área comum de 25,9884 m² e área total de 87,868 m²; correspondendo-lhe a fração ideal de 3,026% no terreno, e cabendo-lhe o direito ao uso de uma vaga de garagem localizada no subsolo do edifício, em local indeterminado e sujeito a manobrista.Matrícula nº 209.984, do 14º CRI da Capital/SPContribuinte municipal nº 045.142.0101-4Avaliação: R$ 444.000,00 (março/2025)Foram identificados, por meio de consulta ao site da Prefeitura local realizada em julho de 2025, valores de IPTU a vencer referentes aos meses de julho a novembro, totalizando R$ 1.106,45.",O pagamento desse lote será feito por meio de uma guia de depósito judicial e a comissão do leiloeiro deverá ser depositada em conta corrente a ser informada. Toda a instrução de pagamento será enviada ao e-mail cadastrado do vencedor.,n/a,n/a,1,Cidade:SÃO PAULO / SP,Bairro:MIRANDÓPOLIS,"Endereço:RUA ITAIPÚ, N° 255",Tipo:Apartamento,https://encurtador.com.br/bL7i8,Nome do Leiloeiro / JUCESP:Carolina Lauro Sodre Santoro / 758
https://www.sodresantoro.com.br/imoveis/lotes?page=1,06/08/2025 11:09,460.523,"Lote 04 - Apartamento n° 22, localizado no 2º andar do (Edifício Três Reginas), situado na Rua Itaipú, n° 255, no 21º Subdistrito da Saúde, São Paulo/SP, com as seguintes medidas: área útil de 61,880 m²; área comum de 25,9884 m² e área total de 87,868 m²; correspondendo-lhe a fração ideal de 3,026% no terreno, e cabendo-lhe o direito ao uso de uma vaga de garagem localizada no subsolo do edifício, em local indeterminado e sujeito a manobrista.Matrícula nº 215.436, do 14º CRI da Capital/SPContribuinte municipal nº 045.142.0109-1Avaliação: R$ 454.000,00 (março/2025)Foram identificados, por meio de consulta ao site da Prefeitura local realizada em julho de 2025, valores de IPTU a vencer referentes aos meses de julho a novembro, totalizando R$ 1.106,45.",O pagamento desse lote será feito por meio de uma guia de depósito judicial e a comissão do leiloeiro deverá ser depositada em conta corrente a ser informada. Toda a instrução de pagamento será enviada ao e-mail cadastrado do vencedor.,n/a,n/a,1,Cidade:SÃO PAULO / SP,Bairro:MIRANDÓPOLIS,"Endereço:RUA ITAIPÚ, N° 255",Tipo:Apartamento,https://encurtador.com.br/bL7i8,Nome do Leiloeiro / JUCESP:Carolina Lauro Sodre Santoro / 758
https://www.sodresantoro.com.br/imoveis/lotes?page=1,06/08/2025 13:00,167.608,"LOTE 001: Localização do imóvel: Um terreno constituído pelo Lote 16 da Quadra F, do loteamento denominado Reserva do Parque, com nome comercial de Quinta dos Bons Ventos, localizada na Av. Luiz Jarussi, S/N, bairro Santa Cruz, com área total de 250,00m², melhor descrito e caracterizado na Matrícula sob o n° 67.618 do Oficial de Registro de Imóveis da Comarca de Itatiba/SP. (Desocupado). Obs.1: O imóvel está sendo leiloado no estado em que se encontra, tanto em termos físicos quanto em termos documentais, cabendo exclusivamente ao comprador se informar antecipadamente sobre tais estados e efetuar seus lances considerando possíveis regularizações posteriores ao leilão; Obs.2: Eventuais averbações, regularizações e registros referente a construção e/ou demolição, deverão ser apurados e pagos pelo arrematante junto aos órgãos competentes",O pagamento desse lote será feito por meio de transferência bancária e a comissão do leiloeiro deverá ser depositada em conta corrente a ser informada.,n/a,n/a,1,Cidade:ITATIBA / SP,Bairro:SANTA CRUZ,"Endereço:AV. LUIZ JARUSSI, S/N - LOTE 16 DA QD F - LT RESERVA DO PARQUE",Tipo:Terreno urbano,n/a,Nome do Leiloeiro / JUCESP:Flavio Cunha Sodre Santoro / 581
https://www.sodresantoro.com.br/imoveis/lotes?page=1,07/08/2025 13:00,1.580.000,"São Paulo/SP. Morumbi. Casa tipo sobrado com área construída de 767,00 m², situado à Rua Bandeirante Sampaio Soares, n° 98, Morumbi, São Paulo/SP, e respectivo terreno com área de 890,00 m², constituído pelo lote n° 31 da quadra n° 01, do loteamento Paineiras do Morumbi, 30º Subdistrito do Ibirapuera, medindo 14,00 metros de frente para referida rua; do lado direito de quem desta para ele olha, mede 40,28 m² da frente aos fundos, por onde confina com o lote n° 30; do lado esquerdo mede 37,50 m² da frente aos fundos, por onde confina com o lote n° 32; e nos fundos mede 32,30 metros em dois segmentos, por onde confina com os lotes n°s 12, 13 e 14 e Inscrição Imobiliária sob o n° 300.055.0018-1, melhor descrito e caracterizado na Matrícula sob nº 11.053   do 15° Cartório de Registro de Imóveis de São Paulo/SP. Obs.1: O imóvel vai a leilão por iniciativa extrajudicial liberado para venda direta de acordo com o Processo n° 1042839-61.2016.8.26.0002. Obs.2: O imóvel está sendo leiloado no estado em que se encontra, tanto em termos físicos quanto em termos documentais, cabendo exclusivamente ao comprador se informar antecipadamente sobre tais estados e efetuar seus lances considerando possíveis regularizações posteriores ao leilão. Obs.3: Os débitos de IPTU e Condomínio vincendas (parcelas a vencer), deverão ser apurados e pagos pelo arrematante, sem direito a reembolso, a partir da data do leilão.Obs.4: O valor aproximado da dívida de IPTU é de R$560.785,95, que será quitado pelo Vendedor com o produto da venda. Caso haja construção pendente de averbação no RI, ficará a cargo do arrematante a regularização.Obs. 5:  A venda se efetivada, os pagamentos ocorrerão através de deposito em conta corrente indicada pelo Espólio. Obs.6: Segue descrição da disposição física do imóvel, que ressaltamos estar indo a leilão conforme previsto na cláusula ad corpus desse Edital, ou seja, na condição que o bem se encontra. Ficando o interessado responsável em realizar a visita prévia ao imóvel. Segue: Guarita para vigilante, instalação para 4 cilindros de gás com 90 Kg, medidores de água e luz para leitura do lado externo do imóvel, portão eletrônico e rampa de acesso, Primeiro pavimento: área de lazer com piscina, churrasqueira, copa,  vestiário com chuveiro e instalações para sauna úmida, área de serviço com 2 dormitórios para funcionários e banheiro. Segundo pavimento: garagem para 5 carros, escritório, 2 salas de estar, 1 sala de jantar com mesa com tampo de cristal bisotado para 12 pessoas, jardim de inverno com claraboia com pé direito duplo, copa, despensa, cozinha, lavanderia com instalações para água quente e fria e ponto de gás, área de serviço com 2 escaninhos e canil com acesso ao jardim. Terceiro pavimento: 1 suíte máster com closet e banheira de hidromassagem, 3 suítes com closet e sala de TV. DESOCUPADO. É permitida a visitação, que deverá ser previamente agendada com Sr. Emerson pelo número Tel.: 11 - 2464-6460 / Celular 11 - 97777-0753 ou através do e-mail af@sodresantoro.com.br",O pagamento desse lote será feito por meio de transferência bancária e a comissão do leiloeiro deverá ser depositada em conta corrente a ser informada.,n/a,n/a,1,Cidade:SÃO PAULO / SP,Bairro:MORUMBI,"Endereço:RUA BANDEIRANTE SAMPAIO SOARES, N° 98",Tipo:Casa tipo sobrado,n/a,Nome do Leiloeiro / JUCESP:Flavio Cunha Sodre Santoro / 581
https://www.sodresantoro.com.br/imoveis/lotes?page=1,08/08/2025 11:00,6.000.000,"Ilhabela/SP. Siriúba. Imóvel residencial, situado a Av. Leonardo Reale, no 3.093, com 638,73 m2 de terreno, 202,82 m2 de área construída e aproximadamente 1.600 m2 de área de marinha para uso particular, melhor descrito e caracterizado na Matrícula no 35.869 do Registro de Imóveis de São Sebastião/SP. Localizado na exclusiva Praia do Arrozal, a apenas 4 km da Vila e 2 km da Praia da Armação # principal centro de vela de Ilhabela. Posicionado cerca de 20 metros acima do nível do mar, oferece vista permanente e privilegiada. Acesso reservado à praia, compartilhado por apenas cinco residências, com píer exclusivo aos condôminos. Região tranquila, com infraestrutura completa. Inscrição Municipal sob o n° de 1002.3093.0010. Imóvel cadastrado no Sistema de Patrimonio da União, sob o no 6509 0100128-16. Obs.1: O imóvel está sendo leiloado no estado em que se encontra, tanto em termos físicos quanto em termos documentais, cabendo exclusivamente ao comprador se informar antecipadamente sobre tais estados e efetuar seus lances considerando possíveis regularizações posteriores ao leilão. Obs.2: A regularização do registro da doação do imóvel, oriunda de sentença em processo de inventário ainda não concluído, será de responsabilidade exclusiva do COMPRADOR, que adotará a medida judicial e/ou extrajudicial que melhor convier. Após essa regularização, caberá ao ARREMATANTE formalizar a transferência da propriedade em seu nome, arcando com os respectivos custos, tributos e emolumentos. Obs.3: Os débitos de IPTU e SPU(laudemio), deverão ser apurados e pagos pelo arrematante, sem direito a reembolso. Consta débito de IPTU vinculado ao imóvel, cujo montante, atualizado até o exercício de 2025, é de aproximadamente R$ 380.000,00 (trezentos e oitenta mil reais), valor este que será de responsabilidade do comprador. Há também débito perante a Secretaria do Patrimônio da União (SPU), a título de laudêmio, no valor aproximado de R$150.000,00 (cento e cinquenta mil reais), igualmente de responsabilidade do arrematante. Obs.4: Caso haja construção pendente de averbação no RI, ficará de responsabilidade do arrematante a devida regularização. Obs.5: Consta ação de inventário, processo no 0024751-62.2011.8.26.0100 dos bens deixados pelo Sr. Sylvio Seixas Ribeiro Bastos, em trâmite na 8a Vara da Família e Sucessões da Comarca de São Paulo/SP e duas ações de Execução Fiscal # Dívida Ativa da 1° Vara do Foro de Ilhabela/SP sob o n° 1501898-09.2023.8.26.0247 e 1500042-44.2022.8.26.0247. O vendedor responde pelo resultado da ação, de acordo com os critérios e limites estabelecidos nas #Condições de Venda dos Imóveis# constantes do edital. Obs. 6: Imóvel é objeto de inventário, sendo que a titularidade do bem é compartilhada entre a AACD e a entidade Aldeias Infantis, cabendo 50% a cada uma das instituições. A venda se efetivada, ocorrerá mediante deposito do valor em juízo. DESOCUPADO. É permitida a visitação, que deverá serpreviamente agendada com Sr. Emerson pelo número Tel.: 11 - 2464-6460 / Celular 11 - 97777-0753 ou através do e-mailaf@sodresantoro.com.br.",O pagamento desse lote será feito por meio de transferência bancária e a comissão do leiloeiro deverá ser depositada em conta corrente a ser informada.,n/a,n/a,1,Cidade:ILHA BELA / SP,Bairro:SIRIÚBA,"Endereço:AVENIDA LEONARDO REALE, 3.093",Tipo:Casa,n/a,Nome do Leiloeiro / JUCESP:Flavio Cunha Sodre Santoro / 581
https://www.sodresantoro.com.br/imoveis/lotes?page=1,08/08/2025 13:00,780.426,"Localização do imóvel: Um terreno urbano área de terras urbanas, localizado na Rua Juscelino Kubitschek em Rondon do Pará-PA, medindo 1.465,67m², melhor descrito e caracterizado na matrícula sob o n° 9.495 do Cartório do Único Ofício de Rondon do Pará/PA. Localização do imóvel: Uma área de terras urbanas medindo 796,23m², situado na quadra formada pelas ruas: Rua Castro Alves, Rua Raimundo Cruz, Rua Presidente Costa e Silva e Rua Juscelino Kubitschek, melhor descrito e caracterizado na matrícula sob o n° 967 do Cartório do Único Ofício de Rondon do Pará/PA. Desocupado. Obs.1: O imóvel está sendo leiloado no estado em que se encontra, tanto em termos físicos quanto em termos documentais, cabendo exclusivamente ao comprador se informar antecipadamente sobre tais estados e efetuar seus lances considerando possíveis regularizações posteriores ao leilão; Obs.2: Eventuais averbações, regularizações e registros referente a construção e/ou demolição, deverão ser apurados e pagos pelo arrematante junto aos órgãos competentes.",O pagamento desse lote será feito por meio de transferência bancária e a comissão do leiloeiro deverá ser depositada em conta corrente a ser informada.,n/a,n/a,1,Cidade:PARÁ / PA,Bairro:RONDON DO PARÁ,Endereço:RUA JUSCELINO KUBITSCHEK,Tipo:2 Terrenos,n/a,Nome do Leiloeiro / JUCESP:Flavio Cunha Sodre Santoro / 581
https://www.sodresantoro.com.br/imoveis/lotes?page=1,11/08/2025 11:00,825.000,"Guarujá/SP. Praia das Pitangueiras. Apartamento n° 171, localizado no 16° pavimento de cobertura do Bloco A do Condomínio Forest Hill, situado na Rua Sorocaba n° 80, contendo a área privativa de 215,50m², vinculadas a esse apartamento as vagas de garagem sob os nº: 29, 30, 31 e 32, com área total de 347,19m².Inscrição Imobiliária sob o n° 0-0071-013-031, melhor descrito e caracterizado na Matrícula sob nº 72.695 do Cartório de Registro de Imóveis de Guarujá/SP. Obs.1: O imóvel está sendo leiloado no estado em que se encontra, tanto em termos físicos quanto em termos documentais, cabendo exclusivamente ao comprador se informar antecipadamente sobre tais estados e efetuar seus lances considerando possíveis regularizações posteriores ao leilão. Obs.2: Os débitos de Condomínio vincendas (parcelas a vencer), deverão ser apurados e pagos pelo arrematante, sem direito a reembolso, a partir da data do leilão. Obs.3: Caso haja construção pendente de averbação no RI ficará a cargo do arrematante a regularização. DESOCUPADO. É permitida a visitação, que deverá ser previamente agendada com Sr. Emerson pelo número Tel.: 11 - 2464-6460 / Celular 11 - 97777-0753 ou através do e-mail af@sodresantoro.com.br.",O pagamento desse lote será feito por meio de transferência bancária e a comissão do leiloeiro deverá ser depositada em conta corrente a ser informada.,n/a,n/a,1,Cidade:GUARUJÁ / SP,Bairro:PRAIA DAS PITANGUEIRAS,"Endereço:RUA SOROCABA, N° 80 - APTO. 171 - COND. EDIFÍCIO FOREST HILL",Tipo:Apartamento,n/a,Nome do Leiloeiro / JUCESP:Flavio Cunha Sodre Santoro / 581
https://www.sodresantoro.com.br/imoveis/lotes?page=1,12/08/2025 15:00,300.000.000,"Bem IMÓVEL e todo COMPLEXO DE SISTEMA INTEGRADO DE UNIDADES INDUSTRIAIS destinado ao processo produtivo de Hidroxipropilmetilcelulose (HPMC), compreendendo todo o maquinário vinculado à produção, conforme relação detalhada em documento anexo ao edital e que integra o presente para todos os fins de Direito.Localização: Via das Torres, s/n°, Distrito Industrial, Candeias/BA, CEP 43813-100.Uma gleba de terras com área total de 1.007.115,50m², sobre a qual foram erigidos diversos prédios que somam aproximadamente 14.486,40 m² de área edificada. O complexo é composto por prédios destinados a diferentes finalidades, incluindo: administração, balança de veículos, portaria, bombas de combate a incêndio, sistema de efluentes, compressor de ar, laboratório, refeitório, gases, administração principal, engenharia, armazenamento de produto final, manutenção, além de diversos galpões e outras edificações de menor porte.O BEM está melhor descrito e caracterizado na Matrícula nº 1.512 do 1º CRI de Candeias/BA.Cadastro ou inscrição imobiliária: 6300107292-9993.Obs.: Bens móveis que estiverem no imóvel mas que NÃO integram a relação anexa ao presente edital, se assim pretender o comprador, poderão ser objeto de negociação direta com o Comitente-Vendedor",O pagamento desse lote será feito por meio de transferência bancária e a comissão do leiloeiro deverá ser depositada em conta corrente a ser informada.,n/a,n/a,1,Cidade:CANDEIAS / BA,Bairro:DISTRITO INDUSTRIAL,Endereço:VIA DAS TORRES S/N,Tipo:Complexo Industrial,n/a,Nome do Leiloeiro / JUCESP:Luiz Fernando de Abreu Sodre Santoro / 192
https://www.sodresantoro.com.br/imoveis/lotes?page=1,13/08/2025 11:00,278.633,"Apartamento n° 82, localizado no 8º pavimento do (Edifício Florinda), situado na Rua Abolição, n° 66 e 68, no 17º Subdistrito da Bela Vista, São Paulo/SP, possui a área construída de 41,24 m², correspondendo-lhe a quota parte ideal de 2,250% no terreno. Matrícula nº 163.015, do 4º CRI da Capital/SP Contribuinte municipal nº 006.040.0070-7 Avaliação: R$ 266.333,33 (outubro/2024)Ônus/restrições: Consta da matrícula do imóvel, em Av.08, a penhora dos presentes autos, cujo montante executado é de R$ 65.036,61 (junho/2024).",O pagamento desse lote será feito por meio de uma guia de depósito judicial e a comissão do leiloeiro deverá ser depositada em conta corrente a ser informada. Toda a instrução de pagamento será enviada ao e-mail cadastrado do vencedor.,n/a,n/a,1,Cidade:SÃO PAULO / SP,Bairro:BELA VISTA,"Endereço:RUA ABOLIÇÃO, N° 66 E 68",Tipo:Apartamento,https://encurtador.com.br/OAQ4i,Nome do Leiloeiro / JUCESP:Carolina Lauro Sodre Santoro / 758
https://www.sodresantoro.com.br/imoveis/lotes?page=1,13/08/2025 11:30,1.437.477,"Apartamento nº 72, localizado no 7º andar do (Edifício Marrocos),  situado na Rua Padre Capra, n° 120, Santo André/SP, contendo living com sacada, hall, biblioteca, lavabo, banheiro, três dormitórios, sendo um banheiro privativo e roupeiro, cozinha, sala de refeições, área de serviço, W.C., dispensa e lavanderia, possui área privativa de 260,37 m² e 60,55 m² de área comum, estando nesta incluída a área de garagem, com a área total de 320,92 m², correspondendo-lhe a fração ideal de 59,57 m², e confina: considerando suas porta de entrada como frente, confrontam por estas com os halls de serviço e social, com as caixas de escadaria e Rua Padre Capra; pelos lados com a área livre que circunda o prédio; e pelos fundos com a Rua Padre Capra. Matrícula nº 6.903, do 1º CRI de Santo André/SP. Avaliação: R$ 1.030.000,00 (dezembro/2019)Ônus/restrições: Constam da matrícula do imóvel em (Av.06) a penhora em favor de Celso Cerveline e Outros, nos autos n° 1556/06, 1ª Vara Cível de Santo André/SP; em (Av.07), a penhora dos presentes autos.",O pagamento desse lote será feito por meio de uma guia de depósito judicial e a comissão do leiloeiro deverá ser depositada em conta corrente a ser informada. Toda a instrução de pagamento será enviada ao e-mail cadastrado do vencedor.,n/a,n/a,1,Cidade:SANTO ANDRÉ / SP,Bairro:VILA ASSUNÇÃO,"Endereço:RUA PADRE CAPRA, N° 120",Tipo:Apartamento,https://encurtador.com.br/831Wc,Nome do Leiloeiro / JUCESP:Luiz Fernando de Abreu Sodre Santoro / 192
https://www.sodresantoro.com.br/imoveis/lotes?page=1,14/08/2025 11:00,19.500.000,"Sorocaba/SP. Bairro da Aparecida. Rua Quirino de Mello, 4.000, Terreno urbano, com área total de 165.729,70m² e área construída 245,48m² (Sitios do Moinho e Nossa Senhora da Aparecida II). Inscrição municipal 86.14.16.0001.00.000, melhor descrito e caracterizado na Matricula 73.226 do 01º RI local. Obs.1: O imóvel está sendo leiloado no estado em que se encontra, tanto em termos físicos quanto em termos documentais, cabendo exclusivamente ao comprador se informar antecipadamente sobre tais estados e efetuar seus lances considerando possíveis regularizações posteriores ao leilão. Obs.2: Os lançamentos de IPTU, deverão ser apurados e pagos pelo arrematante, sem direito a reembolso, a partir da data do leilão. Obs.3: Caso haja construção pendente de averbação no RI ficará a cargo do arrematante a regularização. Obs. 4: Trata-se de um terreno com 165.729m², com 4 platôs prontos para receber construção, 2 galpões 60% acabados com aproximadamente 600m² cada (sem alvarás ou licenças obrigatórias ao funcionamento); 1 galpão com aproximadamente 3.000m² com 40% da construção concluídos; ruas internas em terra com guias recuperáveis e alambrado em toda divisa do terreno. De acordo com o IPTU está categorizado como local de Corredor de Comércio e Insdutria Rural. DESOCUPADO. É permitida a visitação, que deverá ser previamente agendada com Sr. Emerson - pelo número Tel.: 11 - 2464-6460/ Celular 11-97777-0753 ou atraves do e-mail af@sodresantoro.com.br",O pagamento desse lote será feito por meio de transferência bancária e a comissão do leiloeiro deverá ser depositada em conta corrente a ser informada.,n/a,n/a,1,Cidade:SOROCABA / SP,Bairro:BAIRRO DA APARECIDA,"Endereço:RUA QUIRINO DE MELLO, 4.000",Tipo:Terreno urbano com benfeitorias,n/a,Nome do Leiloeiro / JUCESP:Flavio Cunha Sodre Santoro / 581
https://www.sodresantoro.com.br/imoveis/lotes?page=1,14/08/2025 11:00,377.627,"Apartamento n° 27, localizado no 2º andar do (Edifício Três Reginas), situado à Rua Itaipu, n° 255, Mirandópolis, 21º Subdistrito da Saúde, São Paulo/SP, com as áreas: útil de 72,440 m²; comum de 30,424 m²; e total de 102,864 m², correspondendo-lhe a fração ideal de terreno de 3,542%, cabendo-lhe o direito ao uso de uma vaga na garagem localizada no subsolo do edifício, em local indeterminado e sujeito a manobrista. Matrícula nº 215.428, do 14° CRI da Capital/SP. Contribuinte municipal nº 045.142.0114-6. Avaliação: R$ 603.160,00 (outubro/2024).Conforme decisão de fls. 648/649, as partes poderão participar do certame em igualdade de condições com os demais licitantes, ficando garantido seu direito de preferência, nos termos do art. 1.322 do Código Civil, que será analisada ao final do pregão.",O pagamento desse lote será feito por meio de uma guia de depósito judicial e a comissão do leiloeiro deverá ser depositada em conta corrente a ser informada. Toda a instrução de pagamento será enviada ao e-mail cadastrado do vencedor.,n/a,n/a,1,Cidade:SÃO PAULO / SP,Bairro:MIRANDÓPOLIS,"Endereço:RUA ITAIPU, N° 255",Tipo:Apartamento,https://encurtador.com.br/65s5u,Nome do Leiloeiro / JUCESP:Carolina Lauro Sodre Santoro / 758
https://www.sodresantoro.com.br/imoveis/lotes?page=1,15/08/2025 11:00,4.800.000,"Barueri/SP.  Vila São Silvestre .Uma área de terras urbanas, situada na cidade de Barueri, na Avenida Calil Mohamed Rahal n° 636, com área total de 3.861,00m² , melhor descrito e caracterizado na Matrícula sob nº 81902 do Cartório de Registro de Imóveis de  Barueri/SP. Obs.1: O imóvel está sendo leiloado no estado em que se encontra, tanto em termos físicos quanto em termos documentais, cabendo exclusivamente ao comprador se informar antecipadamente sobre tais estados e efetuar seus lances considerando possíveis regularizações posteriores ao leilão. Obs.2: Os débitos de IPTU vincendas (parcelas a vencer), deverão ser apurados e pagos pelo arrematante, sem direito a reembolso, a partir da data do leilão. Obs.3: Caso haja construção pendente de averbação no RI ficará a cargo do arrematante a regularização. DESOCUPADO. É permitida a visitação, que deverá ser previamente agendada com Sr. Emerson pelo número Tel.: 11 - 2464-6460 / Celular 11 - 97777-0753 ou através do e-mail af@sodresantoro.com.br.",O pagamento desse lote será feito por meio de transferência bancária e a comissão do leiloeiro deverá ser depositada em conta corrente a ser informada.,n/a,n/a,1,Cidade:BARUERI / SP,Bairro:VILA SÃO SILVESTRE,"Endereço:AVENIDA CALIL MOHAMAD RAHAL, N° 636",Tipo:Terreno,n/a,Nome do Leiloeiro / JUCESP:Flavio Cunha Sodre Santoro / 581
https://www.sodresantoro.com.br/imoveis/lotes?page=1,20/08/2025 11:00,1.800.000,"Cotia/SP. Granja Viana. Um terreno urbano designado lote 05, do loteamento denominado Granja do Lago, situado na Rua Lago n° 555, com área total de 2.065,93m² e conforme consta do Habite-se n° 089/85, expedido pela Prefeitura Municipal de Cotia, procede-se a presente para constar que no imóvel projeto da presente matrícula, foi concedido alvará de vistoria e habite-se na construção com a área total de 400,69m². Segue descrição da disposição física do imóvel, que ressaltamos estar indo a leilão conforme previsto na cláusula ad corpus desse Edital, ou seja, na condição que o bem se encontra. Ficando o interessado responsável em realizar a visita prévia ao imóvel. Segue: Ex.: Hall social com lavabo;  Living para 3 ambientes, com lareira e piso em lajotas. Nicho para bar e linda varanda. Escritório repleto de móveis planejados, com vista para área de lazer. Três amplas suítes, com armários. Piso em carpete de madeira. A suíte Máster com grande closet e hidro. Quatro banheiros. Cozinha clara e espaçosa, com copa e armários planejados com 3 despensas. O Jardim possui um design com paisagismo e lago de carpas. Quiosque gourmet com churrasqueira e piscina em alvenaria com aquecimento. Lavanderia espaçosa e dependências de serviço (quarto e banheiro). Garagem com 4 vagas cobertas, mais 4 vagas externas e depósito. Quintal com horta e canil. Aquecimento central da água, melhor descrito e caracterizado na Matrícula sob nº34.214  do Cartório de Registro de Imóveis de Cotia/SP e Inscrição Imobiliária 23234.42.90.1018.00.000.  Obs.1: O imóvel está sendo leiloado no estado em que se encontra, tanto em termos físicos quanto em termos documentais, cabendo exclusivamente ao comprador se informar antecipadamente sobre tais estados e efetuar seus lances considerando possíveis regularizações posteriores ao leilão. Obs.2: Os débitos de IPTU vincendas (parcelas a vencer), deverão ser apurados e pagos pelo arrematante, sem direito a reembolso, a partir da data do leilão. Obs.3: Caso haja construção pendente de averbação no RI ficará a cargo do arrematante a regularização. DESOCUPADO. É permitida a visitação, que deverá ser previamente agendada com Sr. Emerson pelo número Tel.: 11 - 2464-6460 / Celular 11 - 97777-0753 ou através do e-mail af@sodresantoro.com.br",O pagamento desse lote será feito por meio de transferência bancária e a comissão do leiloeiro deverá ser depositada em conta corrente a ser informada.,n/a,n/a,1,Cidade:COTIA / SP,Bairro:GRANJA VIANA,Endereço:RUA DO LAGO N° 555 - LOTEAMENTO GRANJA DO LAGO,Tipo:Casa,n/a,Nome do Leiloeiro / JUCESP:Flavio Cunha Sodre Santoro / 581
https://www.sodresantoro.com.br/imoveis/lotes?page=1,20/08/2025 11:00,2.195.903,"Apartamento duplex n° 131, localizado no 13º andar e cobertura do (Edifício Vista Verde), situado na Rua dos Democratas, n° 691, no 42º Subdistrito do Jabaquara, São Paulo/SP, contendo a área útil de 323,1250 m² e área comum de 109,8060 m², perfazendo a área total construída de 432,9310 m², com uma fração ideal no terreno condominial de 5,7459%. A este apartamento corresponde duas vagas na garagem coletiva, em locais indeterminados, para estacionamento de dois veículos de passeio, contendo cada uma a área útil de 10,80 m² e área de circulação comum de 12,00 m², perfazendo a área total construída de 22,80 m², com uma fração ideal no terreno condominial de 0,17965%.Matrícula nº 99.097, do 6º CRI de São Paulo/SPContribuinte municipal nº 047.176.0431-8Avaliação: R$ 2.044.000,00 (fevereiro/2024)Ônus/restrições: (I) Constam da matrícula do imóvel, em (Av.04), a penhora em favor de Fundo de Investimentos em Direitos Creditórios Não Padronizados NPL I, nos autos n° 0104396-23.2008.8.26.0010, da 2ª Vara Cível do Foro Regional do Ipiranga/SP; em (Av.05), a indisponibilidade decretada nos autos n° 0007769-04.2009.8.26.0565, em tramite perante o Serviço Anexo das Fazendas de São Caetano do Sul/SP; em (Av.06), a indisponibilidade decretada nos autos n°  0184200-44.2007.5.02.0026, em tramite perante a 26ª Vara do Trabalho de São Paulo/SP; em (Av.07), a indisponibilidade decretada nos autos n° 0120700-05.2009.5.02.0003, em tramite perante a 3ª Vara do Trabalho de São Paulo/SP; em (Av.08), a penhora dos presentes autos, cujo débito executado alcança o montante de R$ 111.785,05 (fls. 562, março/2025); em (Av.09), a indisponibilidade decretada nos autos n° 1000623-75.2021.5.02.0084, em tramite perante a  84ª Vara do Trabalho de São Paulo/SP; em (Av.10), a indisponibilidade decretada nos autos n° 1001952-67.2016.5.02.0062, em tramite perante a 62ª Vara do Trabalho de São Paulo/SP; em (Av.11), a penhora em favor deste exequente, determinada nos autos n° 1028371-79.2022.8.26.0003, da 3ª Vara Cível deste Fórum; em (Av.12), a indisponibilidade decretada nos autos n° 0049900-80.2009.5.02.0316, em tramite perante a 6ª Vara do Trabalho de Guarulhos/SP; (II) Em pesquisa realizada no site da Prefeitura Municipal de São Paulo, foram localizados débitos de IPTU sobre o imóvel no valor de R$ 322.521,33 (junho/2025), correspondendo a valores inscritos em divida ativa e do ano vigente. Laudo de avaliação: Consta da perícia judicial realizada (fls. 252/297) que o condomínio onde está localizado o imóvel possui portaria com segurança, salão de festas, piscina, academia e brinquedoteca. Enquanto a unidade objeto do leilão é constituída de dois pavimentos, sendo: (I) pavimento inferior: sala de jantar, sala estar, lavabo, 04 quartos sendo 01 suíte, 03 dormitórios, banheiro social, cozinha, área serviço e dependências de empregada; (II) pavimento superior: sala de tv, banheiro e terraço. O débito atualizado de condomínio, conforme informação fornecida pela administradora em julho de 2025, totaliza R$ 232.016,64 (ref. aos autos do processo nºs 1011313-34.2020.8.26.0003 e 1028371-79.2022.8.26.0003).",O pagamento desse lote será feito por meio de uma guia de depósito judicial e a comissão do leiloeiro deverá ser depositada em conta corrente a ser informada. Toda a instrução de pagamento será enviada ao e-mail cadastrado do vencedor.,n/a,n/a,1,Cidade:SÃO PAULO / SP,Bairro:JABAQUARA,"Endereço:RUA DOS DEMOCRATAS, N° 691",Tipo:Apartamento Duplex,https://encurtador.com.br/vefmW,Nome do Leiloeiro / JUCESP:Carolina Lauro Sodre Santoro / 758
https://www.sodresantoro.com.br/imoveis/lotes?page=1,20/08/2025 11:15,478.413,"Lote 01 - Apartamento n° 32, localizado no 3° andar do (Condomínio Edifício São José), situado à Rua Comendador Guimarães, n° 330, Amparo/SP, composto de dois quartos, sala, sala de jantar, suíte, dois banheiros, cozinha, área de serviço, WC, closet e terraço, com a área útil de 122,87 m², área comum de 14,13 m², no total de 137,00 m², cabendo-lhe, portanto, uma fração ideal no terreno e coisas comuns de 35,20 m²; confrontando pela frente com a Rua Comendador Guimarães; por um lado com o apartamento n° 31; por outro lado com José Rodrigues dos Santos Junior; pelo corredor de acesso as garagens e; pelos fundos com as garagens do condomínio.  Matrícula nº 24.397, do CRI de Amparo/SP. Contribuinte municipal nº 0091-0109Avaliação: R$ 435.000,00 (abril/2023)Ônus/restrições: Constam da matrícula do imóvel, em (Av.09), a indisponibilidade decretada nos autos n° 0033400-65.2009.5.15.0060, Vara do Trabalho de Amparo/SP; em (Av.10) e (Av.11), a comunicação de existência de ação e, respectivamente, a penhora dos presentes autos.",O pagamento desse lote será feito por meio de uma guia de depósito judicial e a comissão do leiloeiro deverá ser depositada em conta corrente a ser informada. Toda a instrução de pagamento será enviada ao e-mail cadastrado do vencedor.,n/a,n/a,1,Cidade:AMPARO / SP,Bairro:CENTRO,"Endereço:RUA COMENDADOR GUIMARÃES, N° 330",Tipo:Apartamento,https://encurtador.com.br/yzpvz,Nome do Leiloeiro / JUCESP:Otavio Lauro Sodre Santoro / 607
https://www.sodresantoro.com.br/imoveis/lotes?page=1,20/08/2025 11:18,18.697,"Lote 02 - Vaga de garagem n° 19, localizado no térreo do (Condomínio Edifício São José), situado à Rua Comendador Guimarães, n° 330, Amparo/SP, constante de um box para um só veículo, com a área útil de 12,50 m², área comum de 4,77 m², no total de 17,27 m², cabendo-lhe portanto uma fração ideal no terreno e coisas comuns de 4,42 m², confrontando pela frente com o pátio de manobras; por um lado com a garagem n° 21; por outro lado com a garagem n° 17; e pelos fundos com a garagem n° 18.  Matrícula nº 24.398, do CRI de Amparo/SP. Contribuinte municipal nº 0091-0109Avaliação: R$ 17.000,00 (abril/2023)Ônus/restrições: (I) Constam da matrícula do imóvel, em (Av.09), a indisponibilidade decretada nos autos n° 0033400-65.2009.5.15.0060, Vara do Trabalho de Amparo/SP; em (Av.10) e (Av.11), a comunicação de existência de ação e, respectivamente, a penhora dos presentes autos; (II) De acordo com o disposto no artigo 1.331 do Código Civil, bem como a Convenção do Condomínio Edifício São José, referida vaga de garagem só poderá ser adquirida por proprietários de unidade autônoma dentro do condomínio.",O pagamento desse lote será feito por meio de uma guia de depósito judicial e a comissão do leiloeiro deverá ser depositada em conta corrente a ser informada. Toda a instrução de pagamento será enviada ao e-mail cadastrado do vencedor.,n/a,n/a,1,Cidade:AMPARO / SP,Bairro:CENTRO,"Endereço:RUA COMENDADOR GUIMARÃES, N° 330",Tipo:VAGA DE GARAGEM,https://encurtador.com.br/yzpvz,Nome do Leiloeiro / JUCESP:Otavio Lauro Sodre Santoro / 607
https://www.sodresantoro.com.br/imoveis/lotes?page=1,21/08/2025 11:00,370.000,"São Paulo/SP.  Bairro República. Rua Barão de Itapetininga, 275, Sala Comercial, Edifício Consórcio, localizado no grupo 13-A. (13º  andar) com a área construída de 180,00m² melhor descrito e caracterizado na Matrícula sob nº 42.809 do 05º RI de São Paulo/SP e na Inscrição municipal 006.008.0053-9. Obs.1: O imóvel está sendo leiloado no estado em que se encontra, tanto em termos físicos quanto em termos documentais, cabendo exclusivamente ao comprador se informar antecipadamente sobre tais estados e efetuar seus lances considerando possíveis regularizações posteriores ao leilão. Obs.2: Os débitos de IPTU e Condomínio vincendas (parcelas a vencer), deverão ser apurados e pagos pelo arrematante, sem direito a reembolso, a partir da data do leilão. Obs.3: Caso haja construção pendente de averbação no RI ficará a cargo do arrematante a regularização. Desocupado. É permitida a visitação, que deverá ser previamente agendada com Sr. Emerson, pelo número Tel.: (11) 2464-6460/ Celular.: (11) 9 7777-0753 ou através do e-mail: af@sodresantoro.com.br.",O pagamento desse lote será feito por meio de transferência bancária e a comissão do leiloeiro deverá ser depositada em conta corrente a ser informada.,n/a,n/a,1,Cidade:SÃO PAULO / SP,Bairro:REPÚBLICA,"Endereço:RUA BARÃO  DE ITAPETININGA, 275",Tipo:Sala comercial,n/a,Nome do Leiloeiro / JUCESP:Flavio Cunha Sodre Santoro / 581
https://www.sodresantoro.com.br/imoveis/lotes?page=1,21/08/2025 11:02,395.000,"São Paulo/SP.  Bairro República. Rua Barão de Itapetininga, 275, Sala Comercial, Edifício Consórcio, localizado no grupo 13-B. (13º  andar) com a área construída de 220,00m² melhor descrito e caracterizado na Matrícula sob nº 42.810 do 05º RI de São Paulo/SP e na Inscrição municipal 006.008.0053-9. Obs.1: O imóvel está sendo leiloado no estado em que se encontra, tanto em termos físicos quanto em termos documentais, cabendo exclusivamente ao comprador se informar antecipadamente sobre tais estados e efetuar seus lances considerando possíveis regularizações posteriores ao leilão. Obs.2: Os débitos de IPTU e Condomínio vincendas (parcelas a vencer), deverão ser apurados e pagos pelo arrematante, sem direito a reembolso, a partir da data do leilão. Obs.3: Caso haja construção pendente de averbação no RI ficará a cargo do arrematante a regularização. Desocupado. É permitida a visitação, que deverá ser previamente agendada com Sr. Emerson, pelo número Tel.: (11) 2464-6460/ Celular.: (11) 9 7777-0753 ou através do e-mail: af@sodresantoro.com.br.",O pagamento desse lote será feito por meio de transferência bancária e a comissão do leiloeiro deverá ser depositada em conta corrente a ser informada.,n/a,n/a,1,Cidade:SÃO PAULO / SP,Bairro:REPÚBLICA,"Endereço:RUA BARÃO DE ITAPETININGA, 275",Tipo:Sala comercial,n/a,Nome do Leiloeiro / JUCESP:Flavio Cunha Sodre Santoro / 581
https://www.sodresantoro.com.br/imoveis/lotes?page=1,21/08/2025 11:00,17.790.998,"Imóvel comercial com área construída de 8.052,01 m², localizado à Estrada Municipal da Santa Cruz, n° 950, Pindamonhangaba/SP, e respectivo terreno, com área de 33.178,20 m², desmembrado de área maior, medindo 90,00 metros de frente; do lado direito de quem da referida estrada o terreno olha, mede 278,00 metros, confrontando com propriedade de Luiz Darcy Gonçalves; do lado esquerdo mede 245,00 metros, confrontando com área remanescente de propriedade de Antonio Alves Silva; e nos fundos mede em linha quebrada, 37,00 metros mais 14,00 metros, confrontando com propriedade de Aparecida Moreira Gonçalves e Renato Teixeira. Matrícula nº 22.965, do CRI de Pindamonhangaba/SPContribuinte municipal nº SE.23.06.03.001Avaliação: R$ 15.000.000,00 (abril/2013)Avaliação: R$ 29.545.300,00 (maio/2025)Ônus/restrições: Constam da matrícula do imóvel, as penhoras em favor da Fazenda Estadual do Estado de São Paulo, da União, da Fazenda Nacional, do INSS, da Caixa Econômica Federal, da Secretaria da Fazenda e do Ministério da Fazenda, em diversas varas judiciais, cujos processos são: R.03 - 227/1996; R.04 - 07/1998; R.05 - 045/1997; R.06 - 538/04; R.07 - 148/1996; R.08 - 148/1997; R.09 - 088/97; Av.10 - 12.030/2007; Av.11 - 8.912/2007; Av.12 - 7.095/07; Av.13 - 5.011/07; Av.14 - 533/07; Av.15 - 12.301/2007; Av.06 - 1.158/2007; Av.17 - 9.002/2007; Av.18 - 227/2007; Av.19 - 6.297/2007; Av.20 - 9.535/07; Av.21 - 6.070/2007; Av.22 - 189/2008; Av.23 - 1.107/2007; Av.24 - 8.967/2007; Av.25 - 0010958-40.2001.8.26.0445; Av.26 - 0009418-25.1999.8.26.0445; Av.27 - 0011516-41.2003.8.26.0445; Av.28 - 445.01.1999.01909-4; Av.29 - 9592/07; Av.30 - 3723/07; Av.31 - 14668/2007; Av.32 - 1269/2007; Av.33 - 0011586-58.2003.8.26.0445; Av.34 - 5.458/2007; Av.35 - 8.918/2007; Av.36 - 5.227/2007; Av.37 - 5.408/2007; Av.38 - 0007909-30.1997.8.26.0445; Av.39 - 621/2007; Av.40 - 0010056-53.2002.8.26.0445; Av.41 - 1392/07; Av.42 - 5.143/2007; Av.43 - 0007198-59.1996.8.26.0445; Av.44 - 370/2009; Av.45 - 0008852-66.2005.8.26.0445; Av.46 - 0009259-09.2004.8.26.0445; Av.47 - 0008272-17.1997.8.26.0445; Av.48 - 0005948-74.2003.4.03.6182; Av.49 - 0009255-11.2000.8.26.0445; Av.50 - 0002816-37.2007.8.26.0445; Av.51 - 0002528-55.2008.8.26.0445; Av.52 - 0007656-51.2011.8.26.0445; Av.53 - 0008601-92.1998.8.26.0445; Av.54 - 0009659-91.2002.8.26.0445; Av.55 - 0006372-42.2010.8.26.0445; Av.58 - 0008985-55.1998.8.26.0445; Av.59 - 0006746-49.1996.8.26.0445; Av.60 - 0008127-58.1997.8.26.0445; Av.61 - 5454/07; Av.62 - 5011/07; Av.63 - 8924/07; Av.64 - 9803/07; Av.65 - 5.043/07; Av.66 - 10.542/2007; Av.67 - 10.021/2007; Av.68 - 189/08; Av.69 - 9.006/2007; Av.70 - 5.340/2007; Av.71 - 295/07; Av.72 - 14.280/2007; Av.73 - 6.085/2007; Av.74 - 1.591/2007; Av.75 - 87/2010; Av.77 - 153/2014; Av.79 - 60662007; Av.80 - 673/2013; Av.82 - 12513/2007; e em Av.76, a penhora em favor de Yedo Carlos Martins, nos autos n° 180800-04.2000, da Vara do Trabalho de Pindamonhangaba/SP.",O pagamento desse lote será feito por meio de uma guia de depósito judicial e a comissão do leiloeiro deverá ser depositada em conta corrente a ser informada. Toda a instrução de pagamento será enviada ao e-mail cadastrado do vencedor.,n/a,n/a,1,Cidade:PINDAMONHANGABA / SP,Bairro:TRIÂNGULO,"Endereço:ESTRADA MUNICIPAL DA SANTA CRUZ, N° 950",Tipo:Imóvel comercial,https://encurtador.com.br/NUgXt,Nome do Leiloeiro / JUCESP:Moacir De Santi / 315
https://www.sodresantoro.com.br/imoveis/lotes?page=1,21/08/2025 11:30,126.525,"Imóvel residencial tipo sobrado, com área construída de 54,18 m², constituído de  sala, cozinha, lavabo, dois quartos e banheiro (conforme laudo), localizado a Rua Bom Pastor, n° 54, Porto Feliz/SP, e respectivo terreno, sob o n° 06 da quadra D, do loteamento denominado Convívio do Santo, medindo 7,00 metros de frente; do lado direito de quem da rua olha o lote, mede 25,00 metros, confrontando com o lote n° 07; do lado esquerdo, mede 25,00 metros confrontando com o lote n° 05; e nos fundos mede 7,00 metros, confrontando com o Sistema de Lazer do Loteamento Convívio do Santo, encerrando a área de 175,00 m².Matrícula nº 56.275, do CRI de Porto Feliz/SPContribuinte municipal nº 01.1.412.0066.001.261Avaliação: R$ 137.071,60 (junho/2014)Avaliação atualizada: R$ 252.142,00 (maio/2025)",O pagamento desse lote será feito por meio de uma guia de depósito judicial e a comissão do leiloeiro deverá ser depositada em conta corrente a ser informada. Toda a instrução de pagamento será enviada ao e-mail cadastrado do vencedor.,n/a,n/a,1,Cidade:PORTO FELIZ / SP,Bairro:CONVÍVIO DO SANTO,"Endereço:RUA BOM PASTOR, N° 54",Tipo:Imóvel residencial tipo sobrado,https://encurtador.com.br/1R0wp,Nome do Leiloeiro / JUCESP:Mariana Lauro Sodré Santoro Batochio / 641
https://www.sodresantoro.com.br/imoveis/lotes?page=1,25/08/2025 11:00,300.000,"São Paulo/SP. Limoeiro. Um terreno situado na Rua Monsenhor Marinho Oliveira S/N, LT 26 da QD 6, sem edificações ou benfeitorias e com área total de 300,00m² e Inscrição Municipal sob o n° 111.236.0016-2, melhor descrito e caracterizado na Matrícula sob nº 218.516   do 12° Oficial de Registro de Imóveis da Capital de São Paulo/SP. Obs.1: O imóvel está sendo leiloado no estado em que se encontra, tanto em termos físicos quanto em termos documentais, cabendo exclusivamente ao comprador se informar antecipadamente sobre tais estados e efetuar seus lances considerando possíveis regularizações posteriores ao leilão. Obs.2: Os débitos de IPTU vincendas (parcelas a vencer), deverão ser apurados e pagos pelo arrematante, sem direito a reembolso, a partir da data do leilão. Obs.3: Caso haja construção pendente de averbação no RI ficará a cargo do arrematante a regularização. DESOCUPADO. É permitida a visitação, que deverá ser previamente agendada com Sr. Emerson pelo número Tel.: 11 - 2464-6460 / Celular 11 - 97777-0753 ou através do e-mail af@sodresantoro.com.br",O pagamento desse lote será feito por meio de transferência bancária e a comissão do leiloeiro deverá ser depositada em conta corrente a ser informada.,n/a,n/a,1,Cidade:SÃO PAULO / SP,Bairro:LIMOEIRO,"Endereço:RUA MONSENHOR MARINHO DE OLIVEIRA, LT 26, QD 6",Tipo:Terreno,n/a,Nome do Leiloeiro / JUCESP:Flavio Cunha Sodre Santoro / 581
https://www.sodresantoro.com.br/imoveis/lotes?page=1,26/08/2025 11:00,1.197.000,"Belo Horizonte/MG. Buritis. Apartamento n° 301 do Edifício Vila de Casares, na Rua Engenheiro Alberto Pontes n° 324, com área construída de 248,89m², melhor descrito e caracterizado na Matrícula sob nº 78.525   do 1° Ofício de Registo de Imóveis da Comarca de Belo Horizonte/MG e na Inscrição Municipal sob o n° 1700010050063. Obs.1: O imóvel está sendo leiloado no estado em que se encontra, tanto em termos físicos quanto em termos documentais, cabendo exclusivamente ao comprador se informar antecipadamente sobre tais estados e efetuar seus lances considerando possíveis regularizações posteriores ao leilão. Obs.2: Os débitos de IPTU e Condomínio), deverão ser apurados e pagos pelo arrematante, sem direito a reembolso. Obs.3: Caso haja construção pendente de averbação no RI, ficará de responsabilidade do arrematante a devida regularização. Obs.4: Segue descrição da disposição física do imóvel, que ressaltamos estar indo a leilão conforme previsto na cláusula ad corpus desse Edital, ou seja, na condição que o bem se encontra. Ficando o interessado responsável em realizar a visita prévia ao imóvel. Obs. 5: Imóvel locado com contrato  residencial celebrado com pessoa fisica , que realiza o pagamento de forma integral ao Vendedor, valor aproximado do aluguel de R$2.000,00 (dois mil reais) mensal, com renovação automática e prazo indeterminado, caso nenhuma parte se oponha. LOCADO. É permitida a visitação, que deverá ser previamente agendada com Sr. Emerson pelo número Tel.: 11 - 2464-6460 / Celular 11 - 97777-0753 ou através do e-mail af@sodresantoro.com.br.",O pagamento desse lote será feito por meio de transferência bancária e a comissão do leiloeiro deverá ser depositada em conta corrente a ser informada.,n/a,n/a,1,Cidade:BELO HORIZONTE / MG,Bairro:BURITIS,"Endereço:RUA ENGENHEIRO ALBERTO PONTES, 324",Tipo:Apartamento,n/a,Nome do Leiloeiro / JUCESP:Flavio Cunha Sodre Santoro / 581
https://www.sodresantoro.com.br/imoveis/lotes?page=1,26/08/2025 11:02,434.700,"São Paulo/SP. Jardim Olinda. Uma casa situada na Rua Cardoso Moreira, n° 274, com área construída de 253,50m², melhor descrito e caracterizado na Matrícula sob n° 10.007 do 11° Cartório do Registro de Imóveis de São Paulo/SP e na Inscrição Municipal sob o n° 169.142.0009.1. Obs.1: O imóvel está sendo leiloado no estado em que se encontra, tanto em termos físicos quanto em termos documentais, cabendo exclusivamente ao comprador se informar antecipadamente sobre tais estados e efetuar seus lances considerando possíveis regularizações posteriores ao leilão. Obs.2: Os débitos de IPTU, deverão ser apurados e pagos pelo arrematante, sem direito a reembolso. Obs.3: Caso haja construção pendente de averbação no RI, ficará de responsabilidade do arrematante a devida regularização. Obs.4: Segue descrição da disposição física do imóvel, que ressaltamos estar indo a leilão conforme previsto na cláusula ad corpus desse Edital, ou seja, na condição que o bem se encontra. Ficando o interessado responsável em realizar a visita prévia ao imóvel. DESOCUPADO. É permitida a visitação, que deverá ser previamente agendada com Sr. Emerson pelo número Tel.: 11 - 2464-6460 / Celular 11 - 97777-0753 ou através do e-mail af@sodresantoro.com.br.",O pagamento desse lote será feito por meio de transferência bancária e a comissão do leiloeiro deverá ser depositada em conta corrente a ser informada.,n/a,n/a,1,Cidade:SÃO PAULO / SP,Bairro:JARDIM OLINDA,"Endereço:RUA CARDOSO MOREIRA, 274",Tipo:Casa,n/a,Nome do Leiloeiro / JUCESP:Flavio Cunha Sodre Santoro / 581
https://www.sodresantoro.com.br/imoveis/lotes?page=1,26/08/2025 11:04,2.457.000,"São Paulo/SP. Pinheiros. Apartamento n° 82, localizado no 7° andar ou 8° pavimento do Edifício São Barnabé, na Rua Oscar Freire n° 2.595, com área construída de 143,60m², melhor descrito e caracterizado na Matrícula sob n° 24.935 do 13° Cartório de Registro de Imóveis de São Paulo/SP e na Inscrição Municipal sob o n° 011.070.0097-1. Obs.1: O imóvel está sendo leiloado no estado em que se encontra, tanto em termos físicos quanto em termos documentais, cabendo exclusivamente ao comprador se informar antecipadamente sobre tais estados e efetuar seus lances considerando possíveis regularizações posteriores ao leilão. Obs.2: Os débitos de IPTU, deverão ser apurados e pagos pelo arrematante, sem direito a reembolso. Obs.3: Caso haja construção pendente de averbação no RI, ficará de responsabilidade do arrematante a devida regularização. Obs.4: Segue descrição da disposição física do imóvel, que ressaltamos estar indo a leilão conforme previsto na cláusula ad corpus desse Edital, ou seja, na condição que o bem se encontra. Ficando o interessado responsável em realizar a visita prévia ao imóvel. DESOCUPADO. É permitida a visitação, que deverá ser previamente agendada com Sr. Emerson pelo número Tel.: 11 - 2464-6460 / Celular 11 - 97777-0753 ou através do e-mail af@sodresantoro.com.br.",O pagamento desse lote será feito por meio de transferência bancária e a comissão do leiloeiro deverá ser depositada em conta corrente a ser informada.,n/a,n/a,1,Cidade:SÃO PAULO / SP,Bairro:PINHEIROS,"Endereço:RUA OSCAR FREIRE, 2.595",Tipo:Apartamento,n/a,Nome do Leiloeiro / JUCESP:Flavio Cunha Sodre Santoro / 581
https://www.sodresantoro.com.br/imoveis/lotes?page=1,26/08/2025 11:06,756.000,"São Paulo/SP. Vila Mariana. Apartamento n° 132, localizado no 13° andar do Edifício Módulo 1, situado na Rua Joel Jorge de Melo n° 62, com área construída de 119,00m², melhor descrito e caracterizado na Matrícula sob n° 228.468 do 14° Oficial de Registro de Imóveis de São Paulo/SP e na Inscrição Municipal sob o n° 042.054.0085-3. Obs.1: O imóvel está sendo leiloado no estado em que se encontra, tanto em termos físicos quanto em termos documentais, cabendo exclusivamente ao comprador se informar antecipadamente sobre tais estados e efetuar seus lances considerando possíveis regularizações posteriores ao leilão. Obs.2: Os débitos de IPTU e Condomínio, deverão ser apurados e pagos pelo arrematante, sem direito a reembolso. Obs.3: Caso haja construção pendente de averbação no RI, ficará de responsabilidade do arrematante a devida regularização. Obs.4: Segue descrição da disposição física do imóvel, que ressaltamos estar indo a leilão conforme previsto na cláusula ad corpus desse Edital, ou seja, na condição que o bem se encontra. Ficando o interessado responsável em realizar a visita prévia ao imóvel. DESOCUPADO. É permitida a visitação, que deverá ser previamente agendada com Sr. Emerson pelo número Tel.: 11 - 2464-6460 / Celular 11 - 97777-0753 ou através do e-mail af@sodresantoro.com.br.",O pagamento desse lote será feito por meio de transferência bancária e a comissão do leiloeiro deverá ser depositada em conta corrente a ser informada.,n/a,n/a,1,Cidade:SÃO PAULO / SP,Bairro:VILA MARIANA,"Endereço:RUA JOEL JORGE DE MELO, 62",Tipo:Apartamento,n/a,Nome do Leiloeiro / JUCESP:Flavio Cunha Sodre Santoro / 581
https://www.sodresantoro.com.br/imoveis/lotes?page=1,26/08/2025 11:08,54.000,"Juquitiba/SP. Palmeirinhas. Um terreno situado à Rua Ibís S/N, Lote 12 da quadra L do Verde Jardim Shangrila, com área construída de 1.580.000m², melhor descrito e caracterizado na Matrícula sob n° 30.390, do Cartório do Registro de Imóveis de Itapecerica da Serra/SP e na Inscrição Municipal sob o n° 1975. Obs.1: O imóvel está sendo leiloado no estado em que se encontra, tanto em termos físicos quanto em termos documentais, cabendo exclusivamente ao comprador se informar antecipadamente sobre tais estados e efetuar seus lances considerando possíveis regularizações posteriores ao leilão. Obs.2: Os débitos de IPTU, deverão ser apurados e pagos pelo arrematante, sem direito a reembolso. Obs.3: Caso haja construção pendente de averbação no RI, ficará de responsabilidade do arrematante a devida regularização. OCUPADO.",O pagamento desse lote será feito por meio de transferência bancária e a comissão do leiloeiro deverá ser depositada em conta corrente a ser informada.,n/a,n/a,1,Cidade:JUQUITIBA / SP,Bairro:PALMEIRINHAS,"Endereço:RUA IBÍS, S/N",Tipo:Lote de terreno,n/a,Nome do Leiloeiro / JUCESP:Flavio Cunha Sodre Santoro / 581
https://www.sodresantoro.com.br/imoveis/lotes?page=1,26/08/2025 11:10,54.000,"Juquitiba/SP. Palmeirinhas. Um terreno situado à Rua Ibís S/N,  Lote 13 da quadra L do Verde Jardim Shangrila, com área construída de 1.744,50m²,  melhor descrito e caracterizado na Matrícula sob n° 30.389, do Cartório do Registro de Imóveis de Itapecerica da Serra/SP e na Inscrição Municipal sob o n° 1974. Obs.1: O imóvel está sendo leiloado no estado em que se encontra, tanto em termos físicos quanto em termos documentais, cabendo exclusivamente ao comprador se informar antecipadamente sobre tais estados e efetuar seus lances considerando possíveis regularizações posteriores ao leilão. Obs.2: Os débitos de IPTU deverão ser apurados e pagos pelo arrematante, sem direito a reembolso. Obs.3: Caso haja construção pendente de averbação no RI, ficará de responsabilidade do arrematante a devida regularização. OCUPADO.",O pagamento desse lote será feito por meio de transferência bancária e a comissão do leiloeiro deverá ser depositada em conta corrente a ser informada.,n/a,n/a,1,Cidade:JUQUITIBA / SP,Bairro:PALMEIRINHAS,"Endereço:RUA IBÍS, S/N",Tipo:Lote de terreno,n/a,Nome do Leiloeiro / JUCESP:Flavio Cunha Sodre Santoro / 581
https://www.sodresantoro.com.br/imoveis/lotes?page=1,26/08/2025 11:12,45.000,"Juquitiba/SP. Palmeirinhas. Um terreno situado à Rua Ibís S/N,  Lote 14 da quadra L do Verde Jardim Shangrila, com área construída de 1.700,00m²,  melhor descrito e caracterizado na Matrícula sob n° 30.388, do Cartório do Registro de Imóveis de Itapecerica da Serra/SP e na Inscrição Municipal sob o n° 1973. Obs.1: O imóvel está sendo leiloado no estado em que se encontra, tanto em termos físicos quanto em termos documentais, cabendo exclusivamente ao comprador se informar antecipadamente sobre tais estados e efetuar seus lances considerando possíveis regularizações posteriores ao leilão. Obs.2: Os débitos de IPTU deverão ser apurados e pagos pelo arrematante, sem direito a reembolso. Obs.3: Caso haja construção pendente de averbação no RI, ficará de responsabilidade do arrematante a devida regularização. OCUPADO.",O pagamento desse lote será feito por meio de transferência bancária e a comissão do leiloeiro deverá ser depositada em conta corrente a ser informada.,n/a,n/a,1,Cidade:JUQUITIBA / SP,Bairro:PALMEIRINHAS,"Endereço:RUA IBÍS, S/N",Tipo:Lote de terreno,n/a,Nome do Leiloeiro / JUCESP:Flavio Cunha Sodre Santoro / 581
https://www.sodresantoro.com.br/imoveis/lotes?page=1,26/08/2025 11:14,30.600,"Iguape/SP. Aquários. Um lote de terreno sob o n° 13 da quadra BD, do loteamento denominado Aquarius I, de frente para a Rua 8, com área construída de 450,00m², melhor descrito e caracterizado na Matrícula sob n° 73.269 do Cartório de Registro de Imóveis da Comarca de Iguapé/SP e na Inscrição Municipal sob o n° de 6.400.110.013. Obs.1: O imóvel está sendo leiloado no estado em que se encontra, tanto em termos físicos quanto em termos documentais, cabendo exclusivamente ao comprador se informar antecipadamente sobre tais estados e efetuar seus lances considerando possíveis regularizações posteriores ao leilão. Obs.2: Os débitos de IPTU, deverão ser apurados e pagos pelo arrematante, sem direito a reembolso. Obs.3: Caso haja construção pendente de averbação no RI, ficará de responsabilidade do arrematante a devida regularização. OCUPADO.",O pagamento desse lote será feito por meio de transferência bancária e a comissão do leiloeiro deverá ser depositada em conta corrente a ser informada.,n/a,n/a,1,Cidade:IGUAPE / SP,Bairro:AQUÁRIOS,"Endereço:RUA, 8, LOTE DE TERRENO SOB Nº 13 DA QD BD",Tipo:Terreno,n/a,Nome do Leiloeiro / JUCESP:Flavio Cunha Sodre Santoro / 581
https://www.sodresantoro.com.br/imoveis/lotes?page=1,26/08/2025 11:16,32.100,"Iguape/SP. Aquários. Um lote de terreno sob o n° 19 da quadra DA, do loteamento denominado Aquarius I, de frente para Avenida D, com área construída de 450,00m², melhor descrito e caracterizado na Matrícula sob n° 73.271 do Cartório de Registro de Imóveis da Comarca de Iguapé/SP e na Inscrição Municipal sob o n° de 6.400.410.019. Obs.1: O imóvel está sendo leiloado no estado em que se encontra, tanto em termos físicos quanto em termos documentais, cabendo exclusivamente ao comprador se informar antecipadamente sobre tais estados e efetuar seus lances considerando possíveis regularizações posteriores ao leilão. Obs.2: Os débitos de IPTU, deverão ser apurados e pagos pelo arrematante, sem direito a reembolso. Obs.3: Caso haja construção pendente de averbação no RI, ficará de responsabilidade do arrematante a devida regularização. OCUPADO.",O pagamento desse lote será feito por meio de transferência bancária e a comissão do leiloeiro deverá ser depositada em conta corrente a ser informada.,n/a,n/a,1,Cidade:IGUAPÉ / SP,Bairro:AQUÁRIOS,"Endereço:AVENIDA D, LOTE SOB O Nº 19 DA QD ""DA""",Tipo:Terreno,n/a,Nome do Leiloeiro / JUCESP:Flavio Cunha Sodre Santoro / 581
https://www.sodresantoro.com.br/imoveis/lotes?page=1,26/08/2025 11:18,441.000,"São Paulo/SP. Vila Nova Conceição. Apartamento nº 124, localizado na Rua Afonso Brás, nº 804, Ed. Roma Place, com área útil de 42,26m², área total de 54,24m², com 1 vaga de garagem não determinada. Melhor descrito e caracterizado na Matrícula sobn°66.210 do 4º Cartório de Registro de Imóveis de São Paulo/SP. Inscrição Imobiliária: 041.006.0104-2(a.m.).  Obs.1: O imóvel está sendo leiloado no estado em que se encontra, tanto em termos físicos quanto em termos documentais, cabendo exclusivamente ao comprador se informar antecipadamente sobre tais estados e efetuar seus lances considerando possíveis regularizações posteriores ao leilão. Obs.2: Os débitos de IPTU e Condominio, deverão ser apurados e pagos pelo arrematante, sem direito a reembolso. Obs. 3: Imóvel é objeto de inventário processo 0024751-62.2011.8.26.0100 - 8ª Vara da Família e Sucessões do Foro Central Cível da Capital, na qual a AACD tem 50% com outra entidade que também tem 50%. A venda se efetivada, ocorrerá mediante deposito do valor em juízo. Obs. 4: Consta ação de débitos condominiais, processo nº 1064055-94.2024.8.26.0100, em trâmite na 29ª Vara Civel do Foro Central da Capital/SP. Até maio/25 o débito era de R$148.243,21. O vendedor responde pelo resultado da ação, de acordo com os critérios e limites estabelecidos nas Condições de Venda dos Imóveis constantes do edital.  DESOCUPADO. É permitida a visitação, que deverá ser previamente agendada com Sr. Emerson pelo número Tel.: 11 - 2464-6460 / Celular 11 - 97777-0753 ou através do e-mail af@sodresantoro.com.br.",O pagamento desse lote será feito por meio de transferência bancária e a comissão do leiloeiro deverá ser depositada em conta corrente a ser informada.,n/a,n/a,1,Cidade:SÃO PAULO / SP,Bairro:VILA NOVA CONCEIÇÃO,"Endereço:RUA AFONSO BRÁS, 804, ED. ROMA PLACE",Tipo:Apartamento,n/a,Nome do Leiloeiro / JUCESP:Flavio Cunha Sodre Santoro / 581
https://www.sodresantoro.com.br/imoveis/lotes?page=1,26/08/2025 11:20,26.775,"São Paulo/SP. Consolação. O box  de garagem n° 10 do andar E ou 7° andar do Edifício Saint Patrick, situado na Avenida Nove de Julho, n° 259, com área útil de 13,45m² e Inscrição Municipal sob o n° 006.033.0312-9, melhor descrito e caracterizado na Matrícula sob n° 15.015, do 5° Cartório de Registro de Imóveis de São Paulo/SP. Obs.1: O imóvel está sendo leiloado no estado em que se encontra, tanto em termos físicos quanto em termos documentais, cabendo exclusivamente ao comprador se informar antecipadamente sobre tais estados e efetuar seus lances considerando possíveis regularizações posteriores ao leilão. Obs.2: Os débitos de Condomínio, deverão ser apurados e pagos pelo arrematante, sem direito a reembolso. Obs.3: Caso haja construção pendente de averbação no RI, ficará de responsabilidade do arrematante a devida regularização. DESOCUPADO. É permitida a visitação, que deverá ser previamente agendada com Sr. Emerson pelo número Tel.: 11 - 2464-6460 / Celular 11 - 97777-0753 ou através do e-mail af@sodresantoro.com.br.",O pagamento desse lote será feito por meio de transferência bancária e a comissão do leiloeiro deverá ser depositada em conta corrente a ser informada.,n/a,n/a,1,Cidade:SÃO PAULO / SP,Bairro:CONSOLAÇÃO,"Endereço:AVENIDA NOVE DE JULHO, 259",Tipo:Box de garagem,n/a,Nome do Leiloeiro / JUCESP:Flavio Cunha Sodre Santoro / 581
https://www.sodresantoro.com.br/imoveis/lotes?page=1,26/08/2025 11:22,12.600,"São Paulo/SP. República. Box de garagem n° 7-A-3 no 7° andar do Edifício Garagem Automática República, situado na Rua Aurora, n° 990, com área privativa de 15,60m² e Inscrição Municipal sob o n° 007.061.0222-3, melhor descrito e caracterizado na Matrícula sob n° 110.199, do 5° Oficial de Registro de Imóveis de São Paulo/SP. Obs.1: O imóvel está sendo leiloado no estado em que se encontra, tanto em termos físicos quanto em termos documentais, cabendo exclusivamente ao comprador se informar antecipadamente sobre tais estados e efetuar seus lances considerando possíveis regularizações posteriores ao leilão. Obs.2: Os débitos de Condomínio, deverão ser apurados e pagos pelo arrematante, sem direito a reembolso. Obs.3: Caso haja construção pendente de averbação no RI, ficará de responsabilidade do arrematante a devida regularização. DESOCUPADO. É permitida a visitação, que deverá ser previamente agendada com Sr. Emerson pelo número Tel.: 11 - 2464-6460 / Celular 11 - 97777-0753 ou através do e-mail af@sodresantoro.com.br.",O pagamento desse lote será feito por meio de transferência bancária e a comissão do leiloeiro deverá ser depositada em conta corrente a ser informada.,n/a,n/a,1,Cidade:SÃO PAULO / SP,Bairro:REPÚBLICA,"Endereço:RUA AURORA, 990, EDIFICIO GARAGEM AUTOMÁTICA REPÚBLICA",Tipo:Box de garagem,n/a,Nome do Leiloeiro / JUCESP:Flavio Cunha Sodre Santoro / 581
https://www.sodresantoro.com.br/imoveis/lotes?page=1,27/08/2025 11:00,282.084,"Lote único - Apartamento nº 34, localizado no 3° andar do (Edifício Residencial Araguaia), situado à Rua Machado de Assis, n° 15-50, Bauru/SP e a vaga de garagem nº 10, localizado no subsolo. O apartamento possui a área útil de 58,14 m², área comum de 39,852 m², área total de 97,992 m², e a correspondente fração ideal no terreno de 22,055 m² ou 3,216%, contendo: sala de jantar, de estar e varanda conjugados, dois dormitórios, hall de distribuição, banheiro social, cozinha e área de serviço conjugadas. A vaga de garagem possui 2,50 metros de frente e de fundos, por 5,00 metros de cada lado, da frente aos fundos, perfazendo a área útil de 12,50 m², área comum de 4,398 m², área total de 16,898 m², e a correspondente fração ideal no terreno de 2,434 m² ou 0,355%.  Matrículas nº 54.436 e 54.437, respectivamente, do 1º CRI de Bauru/SP. Contribuintes municipais nºs 20622101 e 20622127Avaliação: R$ 220.800,00 (Maio/2021) Avaliação atualizada: R$ 277.367,00 (março/2025) Ônus/restrições: (I) Consta das matrículas, em (Av.06), a penhora em favor da Fazenda Nacional, nos autos n° 0003512-39.2004.403.6108 - 1ª Vara Federal de Bauru; (II) Consta dos autos (fls. 575/579) informação de dívida de IPTU no importe de R$ 678,37 (set./2022). A soma dos débitos atualizados de IPTU do apartamento e da vaga de garagem é de R$ 2.428,02, conforme consulta realizada no site da Prefeitura em julho de 2025.O débito atualizado de condomínio do apartamento, conforme informação fornecida pela administradora, totaliza R$ 628,30, referente à parcela vencida em 10 de julho.",O pagamento desse lote será feito por meio de uma guia de depósito judicial e a comissão do leiloeiro deverá ser depositada em conta corrente a ser informada. Toda a instrução de pagamento será enviada ao e-mail cadastrado do vencedor.,n/a,n/a,1,Cidade:BAURU / SP,Bairro:JARDIM NASRALLA,"Endereço:RUA MACHADO DE ASSIS, N° 15-50",Tipo:Apartamento,https://encurtador.com.br/3aMUg,Nome do Leiloeiro / JUCESP:Flavio Cunha Sodre Santoro / 581
https://www.sodresantoro.com.br/imoveis/lotes?page=1,27/08/2025 11:15,174.413,"Parte ideal de 50% sobre nua-propriedade de imóvel residencial, localizado a Rua Minas Gerais, n° 455, Vila Brasil, Pirassununga/SP, e respectivo terreno, desmembrado de área maior dos lotes n°s 238, 237 e 236, da quadra F, com as seguintes medidas e confrontações: 8,00 metros de frente para referida rua; por 30,30 metros da frente aos fundos; com a área total de 242,40 m²; confrontando, de um lado com os próprios vendedores; de outro lado, com o lote n° 239; e pelos fundos com o lote n° 235.Matrícula nº 3.728, do CRI de Pirassununga/SPContribuinte municipal nº 6887.18.015.011.01-5Avaliação: R$ 160.000,00 (junho/2023 - referente a 50% do imóvel)Ônus/restrições: Constam da matrícula do imóvel em (Av.06), a averbação premonitória dos autos n° 1002443-35.2016.8.26.0457, 2ª Vara de Pirassununga, em favor de Banco Triangulo S/A; em (Av.07), a penhora em favor de Cooperativa de Crédito de Livre Admissão do Vale do Mogi Guaçu e Sudoeste Paulista - Siccob Crediguaçu, nos autos n° 1003828-18.2016.8.26.0457, 2ª Vara Cível de Pirassununga; em (Av.08), a penhora em favor de Cooperativa de Crédito de Livre Admissão do Vale do Mogi Guaçu e Sudoeste Paulista - Siccob Crediguaçu, nos autos n° 1003837-77.2016.8.26.0457, 3ª Vara Cível de Pirassununga; em (Av.09), a indisponibilidade decretada nos autos n° 0002213-73.2017.8.26.0457, 2ª Vara de Pirassununga; em (Av.10) e (Av.13), a indisponibilidade e a penhora, respectivamente, decretada nos autos n° 1002222-52.2016.8.26.0457, 3ª Vara de Pirassununga, em favor de Cooperativa de Economia de Crédito Mútuo dos Profissionais da Saúde e Empresários de Araras e Região; em (Av.11), a averbação premonitória dos autos n° 1002111-68.2016.8.26.0457, 1ª Vara de Pirassununga, em favor de Cooperativa de Economia de Crédito Mútuo dos Profissionais da Saúde e Empresários de Araras e Região - Unicred Anhanguera; em (Av.12), a averbação premonitória dos autos n° 1002222-52.2016.8.26.0457, 3ª Vara Cível de Pirassununga, em favor de Siccob Unimais Matiqueira. Quaisquer débitos tributários eventualmente existentes deverão ser verificados diretamente na Prefeitura local.",O pagamento desse lote será feito por meio de uma guia de depósito judicial e a comissão do leiloeiro deverá ser depositada em conta corrente a ser informada. Toda a instrução de pagamento será enviada ao e-mail cadastrado do vencedor.,n/a,n/a,1,Cidade:PIRASSUNUNGA / SP,Bairro:VILA BRASIL,"Endereço:RUA MINAS GERAIS, N° 455",Tipo:Parte ideal de 50% sobre nua-propriedade,https://encurtador.com.br/b8Qke,Nome do Leiloeiro / JUCESP:Luiz Fernando de Abreu Sodre Santoro / 192
https://www.sodresantoro.com.br/imoveis/lotes?page=1,27/08/2025 11:30,386.978,"Conjunto nº 31, localizado no 3º andar do (Edifício Rocha Camargo), situado á Rua Xavier de Toledo, nº 121, no 7º Subdistrito da Consolação, São Paulo/SP, com a área útil de 97,50 m², área comum de 24,2225 m², encerrando a área total de 121,7225 m², correspondendo-lhe a fração ideal de 4,3933% no terreno e nas coisas comuns do condomínio. Matrícula nº 30.054, do 5º CRI da Capital/SPContribuinte municipal nº 006.036.0417-1Avaliação: R$ 355.000,00 (junho/2023)Ônus/restrições: Constam da matrícula do imóvel, em (Av.14) e (Av.20), a penhora e a indisponibilidade, respectivamente, em favor de Luisa Paula de Farias, execução trabalhista nº 0002006-28.2010.5.02.0008, 8ª Vara do Trabalho da Capital/SP; em (Av.15) e (Av.25), as indisponibilidades de bens decretadas nos autos nº 0000327-17.2014.5.15.0064, Vara do Trabalho de Itanhaém/SP; em (Av.16), a penhora dos presentes autos, cujo débito executado alcança o montante de R$ 410.020,65 (abril/2025); em (Av.18), a indisponibilidade decretada nos autos nº 0001531-04.2011.5.15.0064, Vara do Trabalho de Itanhaém/SP; em (Av.19), (Av.27) e (Av.28), as indisponibilidades decretadas nos autos nº 1000022-73.2020.5.02.0482, 2ª Vara do Trabalho de São Vicente/SP; em (Av.21), a indisponibilidade decretada nos autos nº 1000439-26.2020.5.02.0482, 2ª Vara do Trabalho de São Vicente/SP; em (Av.22), (Av.29) e (Av.30), a indisponibilidade e as penhoras, respectivamente, decretadas nos autos nº 1000546-70.2020.5.02.0482, 2ª Vara do Trabalho de São Vicente/SP; em (Av.24), a indisponibilidade decretada nos autos nº 1000983-89.2015.5.02.0255, 5ª Vara do Trabalho de Cubatão/SP; em (Av.26), a indisponibilidade decretada nos autos nº 1000148-65.2016.5.02.0482, 2ª Vara do Trabalho de São Vicente/SP; em (Av.31) e (Av.33), a indisponibilidade e penhora, respectivamente, decretadas nos autos nº 1000027-51.2016.5.02.0251, da 4ª Vara do Trabalho de Cubatão/SP, em favor de Deone de Jesus Novais; em (Av.36), a indisponibilidade decretada nos autos n° 1000587-76.2019.5.02.0254, 4ª Vara do Trabalho de Cubatão/SP.    Em consulta ao sítio eletrônico da Prefeitura Municipal de São Paulo, foram localizados débitos de IPTU sobre o imóvel, no importe aproximado de R$ 58.682,84 (junho/2025). O débito atualizado de condomínio, conforme informação fornecida pela administradora em julho de 2025, totaliza R$ 431.340,84.",O pagamento desse lote será feito por meio de uma guia de depósito judicial e a comissão do leiloeiro deverá ser depositada em conta corrente a ser informada. Toda a instrução de pagamento será enviada ao e-mail cadastrado do vencedor.,n/a,n/a,1,Cidade:SÃO PAULO / SP,Bairro:REPÚBLICA,"Endereço:RUA XAVIER DE TOLEDO, Nº 121",Tipo:conjunto,https://encurtador.com.br/haP3k,Nome do Leiloeiro / JUCESP:Carolina Lauro Sodre Santoro / 758
